,N° Caso,Estado,Sexo,Edad,Inicio de,por RT-PCR,Procedencia,llegada a
0,1,CIUDAD DE MÉXICO,M,35,22/02/2020,Confirmado,Italia,22/02/2020
1,2,SINALOA,M,41,22/02/2020,Confirmado,Italia,21/02/2020
2,3,CIUDAD DE MÉXICO,M,59,23/02/2020,Confirmado,Italia,22/02/2020
3,4,COAHUILA,F,20,27/02/2020,Confirmado,Italia,25/02/2020
4,5,CHIAPAS,F,18,25/02/2020,Confirmado,Italia,25/02/2020
5,6,MÉXICO,M,71,21/02/2020,Confirmado,Italia,21/02/2020
6,7,CIUDAD DE MÉXICO,M,46,29/02/2020,Confirmado,Estados Unidos,29/02/2020
7,8,QUERETARO,M,43,09/03/2020,Confirmado,España,06/03/2020
8,9,CIUDAD DE MÉXICO,M,41,07/03/2020,Confirmado,Estados Unidos,06/03/2020
9,10,CIUDAD DE MÉXICO,F,30,07/03/2020,Confirmado,España,06/03/2020
10,11,MÉXICO,F,64,02/03/2020,Confirmado,Estados Unidos,29/02/2020
11,12,NUEVO LEÓN,M,57,04/03/2020,Confirmado,Alemania,03/03/2020
12,13,MÉXICO,F,55,09/03/2020,Confirmado,España,09/03/2020
13,14,DURANGO,M,58,06/03/2020,Confirmado,España,28/02/2020
14,15,QUERETARO,F,65,10/03/2020,Confirmado,Contacto,
15,16,QUERETARO,M,42,05/03/2020,Confirmado,Italia,05/03/2020
16,17,CIUDAD DE MÉXICO,M,48,10/03/2020,Confirmado,España,09/03/2020
17,18,CIUDAD DE MÉXICO,M,38,10/03/2020,Confirmado,España,09/03/2020
18,19,QUERETARO,F,43,11/03/2020,Confirmado,Contacto,
19,20,PUEBLA,M,31,05/03/2020,Confirmado,España,09/03/2020
20,21,CIUDAD DE MÉXICO,M,37,11/03/2020,Confirmado,Italia,11/03/2020
21,22,YUCATÁN,F,57,07/03/2020,Confirmado,España,06/03/2020
22,23,CIUDAD DE MÉXICO,M,52,08/03/2020,Confirmado,España,08/03/2020
23,24,CIUDAD DE MÉXICO,M,64,10/03/2020,Confirmado,Contacto,10/03/2020
24,25,CIUDAD DE MÉXICO,M,68,04/03/2020,Confirmado,España,10/03/2020
25,26,QUINTANA ROO,F,71,01/03/2020,Confirmado,Italia,01/03/2020
26,27,SAN LUIS POTOSÍ,F,53,11/03/2020,Confirmado,España,10/03/2020
27,28,NUEVO LEÓN,M,73,09/03/2020,Confirmado,Estados Unidos,10/03/2020
28,29,NUEVO LEÓN,M,30,09/03/2020,Confirmado,España,07/03/2020
29,30,PUEBLA,M,31,09/03/2020,Confirmado,España,08/03/2020
30,31,CIUDAD DE MÉXICO,F,33,10/03/2020,Confirmado,Francia,08/03/2020
31,32,JALISCO,F,54,10/03/2020,Confirmado,España,04/03/2020
32,33,JALISCO,F,64,01/03/2020,Confirmado,Alemania,09/03/2020
33,34,MÉXICO,M,61,09/03/2020,Confirmado,Estados Unidos,03/03/2020
34,35,CIUDAD DE MÉXICO,M,45,07/03/2020,Confirmado,España,09/03/2020
35,36,CIUDAD DE MÉXICO,F,62,11/03/2020,Confirmado,Estados Unidos,08/03/2020
36,37,CIUDAD DE MÉXICO,M,72,09/03/2020,Confirmado,Estados Unidos,07/03/2020
37,38,CIUDAD DE MÉXICO,M,41,10/03/2020,Confirmado,España,08/03/2020
38,39,PUEBLA,M,30,09/03/2020,Confirmado,España,09/03/2020
39,40,CIUDAD DE MÉXICO,M,38,11/03/2020,Confirmado,Contacto,
40,41,OAXACA,F,30,09/03/2020,Confirmado,España,09/03/2020
41,42,SINALOA,M,25,09/03/2020,Confirmado,Estados Unidos,13/03/2020
42,43,SAN LUIS POTOSÍ,F,23,07/03/2020,Confirmado,España,10/03/2020
43,44,QUERETARO,F,54,10/03/2020,Confirmado,España,10/03/2020
44,45,OAXACA,M,61,10/03/2020,Confirmado,Estados Unidos,10/03/2020
45,46,QUERETARO,F,55,10/03/2020,Confirmado,España,10/03/2020
46,47,NUEVO LEÓN,M,27,11/03/2020,Confirmado,España,13/03/2020
47,48,NUEVO LEÓN,M,46,06/03/2020,Confirmado,Estados Unidos,03/03/2020
48,49,CIUDAD DE MÉXICO,F,49,09/03/2020,Confirmado,España,09/03/2020
49,50,CIUDAD DE MÉXICO,M,50,10/03/2020,Confirmado,Estados Unidos,10/03/2020
50,51,CIUDAD DE MÉXICO,M,41,10/03/2020,Confirmado,España,11/03/2020
51,52,CIUDAD DE MÉXICO,M,66,08/03/2020,Confirmado,Estados Unidos,06/03/2020
52,53,CIUDAD DE MÉXICO,F,63,09/03/2020,Confirmado,Estados Unidos,06/03/2020
53,54,CIUDAD DE MÉXICO,M,53,09/03/2020,Confirmado,Francia,28/02/2020
54,55,CIUDAD DE MÉXICO,F,30,11/03/2020,Confirmado,España,11/03/2020
55,56,CIUDAD DE MÉXICO,F,49,13/03/2020,Confirmado,España,13/03/2020
56,57,GUERRERO,M,32,12/03/2020,Confirmado,Contacto,
57,58,DURANGO,M,32,11/03/2020,Confirmado,Alemania,11/03/2020
58,59,GUERRERO,F,22,09/03/2020,Confirmado,España,12/03/2020
59,60,PUEBLA,F,27,05/03/2020,Confirmado,España,09/03/2020
60,61,CIUDAD DE MÉXICO,F,70,07/03/2020,Confirmado,Estados Unidos,08/03/2020
61,62,CIUDAD DE MÉXICO,M,32,10/03/2020,Confirmado,Contacto,
62,63,CIUDAD DE MÉXICO,M,59,07/03/2020,Confirmado,España,04/03/2020
63,64,CIUDAD DE MÉXICO,M,70,09/03/2020,Confirmado,Estados Unidos,08/03/2020
64,65,DURANGO,F,38,09/03/2020,Confirmado,España,12/03/2020
65,66,AGUASCALIENTES,M,25,14/03/2020,Confirmado,España,12/03/2020
66,67,PUEBLA,F,31,10/03/2020,Confirmado,Contacto,
67,68,QUERETARO,F,45,13/03/2020,Confirmado,España,10/03/2020
68,69,MÉXICO,M,27,13/03/2020,Confirmado,Contacto,
69,70,MÉXICO,F,47,05/03/2020,Confirmado,Estados Unidos,29/02/2020
70,71,MÉXICO,F,59,07/03/2020,Confirmado,Francia,08/03/2020
71,72,CIUDAD DE MÉXICO,M,41,09/03/2020,Confirmado,Contacto,
72,73,GUANAJUATO,M,39,12/03/2020,Confirmado,Alemania,10/03/2020
73,74,NUEVO LEÓN,M,72,11/03/2020,Confirmado,Estados Unidos,10/03/2020
74,75,CHIHUAHUA,M,29,12/03/2020,Confirmado,Alemania,12/03/2020
75,76,QUINTANA ROO,F,50,08/03/2020,Confirmado,España,11/03/2020
76,77,QUINTANA ROO,F,19,13/03/2020,Confirmado,España,11/03/2020
77,78,QUINTANA ROO,M,44,11/03/2020,Confirmado,Contacto,
78,79,MÉXICO,F,49,13/03/2020,Confirmado,España,13/03/2020
79,80,PUEBLA,M,32,11/03/2020,Confirmado,Estados Unidos,07/03/2020
80,81,NUEVO LEÓN,F,74,09/03/2020,Confirmado,España,12/03/2020
81,82,NUEVO LEÓN,F,80,09/03/2020,Confirmado,España,12/03/2020
82,83,NUEVO LEÓN,M,71,07/03/2020,Confirmado,Estados Unidos,10/03/2020
83,84,NUEVO LEÓN,M,53,09/03/2020,Confirmado,España,10/03/2020
84,85,NUEVO LEÓN,M,42,02/03/2020,Confirmado,Estados Unidos,02/03/2020
85,86,MÉXICO,M,45,11/03/2020,Confirmado,Estados Unidos,01/03/2020
86,87,NUEVO LEÓN,M,33,09/03/2020,Confirmado,Estados Unidos,12/03/2020
87,88,NUEVO LEÓN,F,27,12/03/2020,Confirmado,Estados Unidos,12/03/2020
88,89,YUCATÁN,F,31,08/03/2020,Confirmado,Francia,10/03/2020
89,90,YUCATÁN,M,21,13/03/2020,Confirmado,13/03/2020,Confirmado
90,91,TAMAULIPAS,M,55,13/03/2020,Confirmado,Singapur,11/03/2020
91,92,PUEBLA,F,27,09/03/2020,Confirmado,España,09/03/2020
92,93,PUEBLA,M,31,09/03/2020,Confirmado,España,09/03/2020
93,94,YUCATÁN,F,54,11/03/2020,Confirmado,España,08/03/2020
94,95,SONORA,M,72,11/03/2020,Confirmado,Estados Unidos,11/03/2020
95,96,JALISCO,M,49,06/03/2020,Confirmado,España,04/03/2020
96,97,JALISCO,M,41,10/03/2020,Confirmado,Estados Unidos,29/02/2020
97,98,JALISCO,F,56,11/03/2020,Confirmado,Contacto,
98,99,YUCATÁN,M,37,09/03/2020,Confirmado,Estados Unidos,06/03/2020
99,100,NUEVO LEÓN,M,19,07/03/2020,Confirmado,Contacto,10/03/2020
100,101,NUEVO LEÓN,M,34,12/03/2020,Confirmado,Estados Unidos,07/03/2020
101,102,NUEVO LEÓN,M,41,10/03/2020,Confirmado,Estados Unidos,07/03/2020
102,103,NUEVO LEÓN,M,46,11/03/2020,Confirmado,Estados Unidos,09/03/2020
103,104,NUEVO LEÓN,M,21,14/03/2020,Confirmado,España,15/03/2020
104,105,NUEVO LEÓN,M,21,15/03/2020,Confirmado,España,13/03/2020
105,106,YUCATÁN,F,21,13/03/2020,Confirmado,España,13/03/2020
106,107,YUCATÁN,M,25,11/03/2020,Confirmado,España,15/03/2020
107,108,JALISCO,F,36,10/03/2020,Confirmado,Contacto,
108,109,MÉXICO,M,39,14/03/2020,Confirmado,Contacto,
109,110,MÉXICO,M,45,13/03/2020,Confirmado,Contacto,
110,111,MÉXICO,F,22,16/03/2020,Confirmado,España,15/03/2020
111,112,MÉXICO,F,24,09/03/2020,Confirmado,Contacto,08/03/2020
112,113,MÉXICO,M,75,06/03/2020,Confirmado,Contacto,
113,114,CIUDAD DE MÉXICO,M,53,09/03/2020,Confirmado,España,09/03/2020
114,115,CIUDAD DE MÉXICO,F,53,06/03/2020,Confirmado,España,09/03/2020
115,116,MÉXICO,M,56,07/03/2020,Confirmado,Estados Unidos,05/03/2020
116,117,VERACRUZ,F,21,03/03/2020,Confirmado,España,12/03/2020
117,118,MÉXICO,M,61,08/03/2020,Confirmado,España,08/03/2020
118,119,MÉXICO,M,21,07/03/2020,Confirmado,España,13/03/2020
119,120,MÉXICO,F,23,07/03/2020,Confirmado,España,13/03/2020
120,121,VERACRUZ,M,24,14/03/2020,Confirmado,España,14/03/2020
121,122,MÉXICO,M,55,09/03/2020,Confirmado,Estados Unidos,09/03/2020
122,123,MÉXICO,M,31,13/03/2020,Confirmado,España,13/03/2020
123,124,SAN LUIS POTOSÍ,M,32,14/03/2020,Confirmado,España,14/03/2020
124,125,PUEBLA,M,25,10/03/2020,Confirmado,España,09/03/2020
125,126,YUCATÁN,F,26,08/03/2020,Confirmado,España,14/03/2020
126,127,COLIMA,M,46,15/03/2020,Confirmado,Alemania,13/03/2020
127,128,BAJA CALIFORNIA,F,54,11/03/2020,Confirmado,Estados Unidos,02/03/2020
128,129,BAJA CALIFORNIA,F,57,13/03/2020,Confirmado,Contacto,16/03/2020
129,130,CIUDAD DE MÉXICO,M,47,12/03/2020,Confirmado,Estados Unidos,12/03/2020
130,131,CIUDAD DE MÉXICO,M,43,14/03/2020,Confirmado,Estados Unidos,12/03/2020
131,132,HIDALGO,M,39,07/03/2020,Confirmado,Francia,06/03/2020
132,133,SONORA,M,44,12/03/2020,Confirmado,Italia,10/03/2020
133,134,TABASCO,F,61,14/03/2020,Confirmado,Francia,16/03/2020
134,135,PUEBLA,M,64,08/03/2020,Confirmado,Estados Unidos,08/03/2020
135,136,SINALOA,F,25,15/03/2020,Confirmado,Estados Unidos,17/03/2020
136,137,HIDALGO,M,43,08/03/2020,Confirmado,Estados Unidos,10/02/2020
137,138,SAN LUIS POTOSÍ,M,39,16/03/2020,Confirmado,España,14/03/2020
138,139,SAN LUIS POTOSÍ,M,31,15/03/2020,Confirmado,Francia,14/03/2020
139,140,SAN LUIS POTOSÍ,M,44,16/03/2020,Confirmado,España,16/03/2020
140,141,SAN LUIS POTOSÍ,F,63,15/03/2020,Confirmado,España,17/03/2020
141,142,CIUDAD DE MÉXICO,M,28,16/03/2020,Confirmado,Contacto,
142,143,PUEBLA,F,24,16/03/2020,Confirmado,Contacto,
143,144,CHIAPAS,M,63,23/03/2020,Confirmado,Estados Unidos,11/03/2020
144,145,CIUDAD DE MÉXICO,M,35,10/03/2020,Confirmado,Estados Unidos,10/03/2020
145,146,CIUDAD DE MÉXICO,M,29,10/03/2020,Confirmado,España,15/03/2020
146,147,GUANAJUATO,F,18,10/03/2020,Confirmado,Estados Unidos,13/03/2020
147,148,TAMAULIPAS,F,23,16/03/2020,Confirmado,España,12/03/2020
148,149,QUINTANA ROO,M,17,09/03/2020,Confirmado,Estados Unidos,09/03/2020
149,150,QUINTANA ROO,M,39,16/03/2020,Confirmado,Italia,01/03/2020
150,151,GUERRERO,M,79,15/03/2020,Confirmado,España,13/03/2020
151,152,GUANAJUATO,F,27,14/03/2020,Confirmado,España,14/03/2020
152,153,GUANAJUATO,F,52,12/03/2020,Confirmado,España,14/03/2020
153,154,QUINTANA ROO,M,42,14/03/2020,Confirmado,España,13/03/2020
154,155,QUERETARO,M,25,08/03/2020,Confirmado,España,16/03/2020
155,156,MÉXICO,F,52,10/03/2020,Confirmado,España,12/03/2020
156,157,YUCATÁN,F,27,13/03/2020,Confirmado,Contacto,
157,158,YUCATÁN,M,51,14/03/2020,Confirmado,Contacto,
158,159,BAJA CALIFORNIA,M,72,09/03/2020,Confirmado,Estados Unidos,10/03/2020
159,160,YUCATÁN,M,32,11/03/2020,Confirmado,Estados Unidos,
160,161,YUCATÁN,M,30,16/03/2020,Confirmado,España,11/03/2020
161,162,YUCATÁN,M,45,13/03/2020,Confirmado,Estados Unidos,13/03/2020
162,163,QUINTANA ROO,M,45,15/03/2020,Confirmado,Estados Unidos,15/03/2020
163,164,JALISCO,M,54,13/03/2020,Confirmado,Contacto,
164,165,JALISCO,M,27,13/03/2020,Confirmado,España,15/03/2020
165,166,QUINTANA ROO,F,22,16/03/2020,Confirmado,España,16/03/2020
166,167,JALISCO,F,49,12/03/2020,Confirmado,España,09/03/2020
167,168,JALISCO,M,19,16/03/2020,Confirmado,España,13/03/2020
168,169,GUERRERO,F,38,13/03/2020,Confirmado,Estados Unidos,01/03/2020
169,170,CIUDAD DE MÉXICO,M,46,12/03/2020,Confirmado,Estados Unidos,10/03/2020
170,171,CIUDAD DE MÉXICO,M,35,11/03/2020,Confirmado,Estados Unidos,05/03/2020
171,172,AGUASCALIENTES,M,70,15/03/2020,Confirmado,Estados Unidos,13/03/2020
172,173,CIUDAD DE MÉXICO,M,59,13/03/2020,Confirmado,Contacto,
173,174,AGUASCALIENTES,M,50,16/03/2020,Confirmado,España,17/03/2020
174,175,CIUDAD DE MÉXICO,F,51,09/03/2020,Confirmado,Estados Unidos,09/03/2020
175,176,CIUDAD DE MÉXICO,M,32,07/03/2020,Confirmado,Contacto,
176,177,CIUDAD DE MÉXICO,M,35,17/03/2020,Confirmado,Estados Unidos,15/03/2020
177,178,VERACRUZ,F,64,18/03/2020,Confirmado,España,15/03/2020
178,179,NUEVO LEÓN,M,35,09/03/2020,Confirmado,Estados Unidos,09/03/2020
179,180,NUEVO LEÓN,M,42,16/03/2020,Confirmado,Contacto,
180,181,DURANGO,M,74,15/03/2020,Confirmado,Estados Unidos,03/03/2020
181,182,MORELOS,M,37,14/03/2020,Confirmado,Estados Unidos,07/03/2020
182,183,QUERETARO,M,34,15/03/2020,Confirmado,Francia,15/03/2020
183,184,VERACRUZ,F,63,14/03/2020,Confirmado,España,13/03/2020
184,185,NUEVO LEÓN,F,29,13/03/2020,Confirmado,España,14/03/2020
185,186,MORELOS,F,54,17/03/2020,Confirmado,Estados Unidos,17/03/2020
186,187,JALISCO,F,73,14/03/2020,Confirmado,Contacto,
187,188,JALISCO,M,52,14/03/2020,Confirmado,Estados Unidos,14/03/2020
188,189,JALISCO,M,50,04/03/2020,Confirmado,Estados Unidos,07/03/2020
189,190,QUINTANA ROO,M,35,15/03/2020,Confirmado,Alemania,14/03/2020
190,191,QUINTANA ROO,F,30,14/03/2020,Confirmado,Estados Unidos,14/03/2020
191,192,NUEVO LEÓN,M,28,14/03/2020,Confirmado,Estados Unidos,12/03/2020
192,193,AGUASCALIENTES,M,42,10/03/2020,Confirmado,España,11/03/2020
193,194,NUEVO LEÓN,F,48,11/03/2020,Confirmado,España,13/03/2020
194,195,JALISCO,F,19,11/03/2020,Confirmado,Estados Unidos,07/03/2020
195,196,JALISCO,F,29,14/03/2020,Confirmado,Estados Unidos,07/03/2020
196,197,JALISCO,M,41,08/03/2020,Confirmado,Estados Unidos,09/03/2020
197,198,JALISCO,M,54,07/03/2020,Confirmado,Estados Unidos,07/03/2020
198,199,JALISCO,F,62,09/03/2020,Confirmado,Estados Unidos,23/02/2020
199,200,JALISCO,M,42,12/03/2020,Confirmado,Estados Unidos,11/03/2020
200,201,JALISCO,M,49,13/03/2020,Confirmado,Estados Unidos,08/03/2020
201,202,JALISCO,M,29,08/03/2020,Confirmado,Estados Unidos,07/03/2020
202,203,JALISCO,M,19,14/03/2020,Confirmado,España,13/03/2020
203,204,JALISCO,M,63,14/03/2020,Confirmado,Estados Unidos,14/03/2020
204,205,JALISCO,F,35,11/03/2020,Confirmado,Italia,14/03/2020
205,206,JALISCO,M,44,11/03/2020,Confirmado,Italia,11/03/2020
206,207,PUEBLA,F,32,15/03/2020,Confirmado,España,15/03/2020
207,208,CHIAPAS,M,47,14/03/2020,Confirmado,Alemania,13/03/2020
208,209,QUERETARO,M,51,16/03/2020,Confirmado,Estados Unidos,15/03/2020
209,210,MÉXICO,F,33,15/03/2020,Confirmado,España,05/03/2020
210,211,MÉXICO,M,31,03/03/2020,Confirmado,España,01/03/2020
211,212,BAJA CALIFORNIA,M,62,17/03/2020,Confirmado,Contacto,
212,213,QUERETARO,M,34,18/03/2020,Confirmado,Francia,16/03/2020
213,214,CIUDAD DE MÉXICO,F,38,14/03/2020,Confirmado,Contacto,
214,215,MÉXICO,M,55,11/03/2020,Confirmado,Contacto,
215,216,NUEVO LEÓN,M,53,17/03/2020,Confirmado,Contacto,
216,217,NUEVO LEÓN,M,58,15/03/2020,Confirmado,España,14/03/2020
217,218,NUEVO LEÓN,M,61,15/03/2020,Confirmado,España,14/03/2020
218,219,NUEVO LEÓN,F,59,17/03/2020,Confirmado,Contacto,
219,220,TABASCO,M,46,09/03/2020,Confirmado,Estados Unidos,11/03/2020
220,221,JALISCO,F,75,08/03/2020,Confirmado,Estados Unidos,14/03/2020
221,222,JALISCO,M,80,14/03/2020,Confirmado,Estados Unidos,14/03/2020
222,223,NUEVO LEÓN,F,31,10/03/2020,Confirmado,Contacto,10/03/2020
223,224,CIUDAD DE MÉXICO,M,38,10/03/2020,Confirmado,Estados Unidos,07/03/2020
224,225,CIUDAD DE MÉXICO,F,35,09/03/2020,Confirmado,Contacto,
225,226,CIUDAD DE MÉXICO,M,61,16/03/2020,Confirmado,España,11/03/2020
226,227,CIUDAD DE MÉXICO,F,37,14/03/2020,Confirmado,Contacto,
227,228,CIUDAD DE MÉXICO,M,43,13/03/2020,Confirmado,Contacto,
228,229,BAJA CALIFORNIA,M,26,15/03/2020,Confirmado,Francia,13/03/2020
229,230,HIDALGO,F,57,14/03/2020,Confirmado,España,16/03/2020
230,231,PUEBLA,M,21,17/03/2020,Confirmado,España,15/03/2020
231,232,BAJA CALIFORNIA,F,34,11/03/2020,Confirmado,Estados Unidos,08/03/2020
232,233,CIUDAD DE MÉXICO,M,0,16/03/2020,Confirmado,Contacto,
233,234,PUEBLA,M,56,14/03/2020,Confirmado,Estados Unidos,07/03/2020
234,235,NAYARIT,F,48,17/03/2020,Confirmado,España,17/03/2020
235,236,PUEBLA,M,24,14/03/2020,Confirmado,Estados Unidos,07/03/2020
236,237,CHIHUAHUA,F,18,15/03/2020,Confirmado,Estados Unidos,14/03/2020
237,238,BAJA CALIFORNIA,M,39,17/03/2020,Confirmado,Contacto,
238,239,QUERETARO,F,29,10/03/2020,Confirmado,Estados Unidos,01/03/2020
239,240,JALISCO,M,77,13/03/2020,Confirmado,Contacto,
240,241,TABASCO,M,33,14/03/2020,Confirmado,España,18/03/2020
241,242,AGUASCALIENTES,M,44,17/03/2020,Confirmado,España,17/03/2020
242,243,JALISCO,M,20,17/03/2020,Confirmado,Contacto,
243,244,ZACATECAS,M,38,08/03/2020,Confirmado,Contacto,
244,245,QUERETARO,M,29,18/03/2020,Confirmado,España,16/03/2020
245,246,CIUDAD DE MÉXICO,M,33,11/03/2020,Confirmado,Contacto,
246,247,NUEVO LEÓN,M,32,15/03/2020,Confirmado,Estados Unidos,16/03/2020
247,248,NUEVO LEÓN,F,27,18/03/2020,Confirmado,Estados Unidos,14/03/2020
248,249,NUEVO LEÓN,M,35,17/03/2020,Confirmado,Estados Unidos,15/03/2020
249,250,PUEBLA,F,30,16/03/2020,Confirmado,Estados Unidos,15/03/2020
250,251,CIUDAD DE MÉXICO,M,27,15/03/2020,Confirmado,Francia,15/03/2020
251,252,MÉXICO,M,43,09/03/2020,Confirmado,España,13/03/2020
252,253,CIUDAD DE MÉXICO,M,47,06/03/2020,Confirmado,Estados Unidos,02/03/2020
253,254,CIUDAD DE MÉXICO,M,43,14/03/2020,Confirmado,Contacto,
254,255,CIUDAD DE MÉXICO,M,71,04/03/2020,Confirmado,España,14/03/2020
255,256,CIUDAD DE MÉXICO,F,25,09/03/2020,Confirmado,España,13/03/2020
256,257,CIUDAD DE MÉXICO,M,43,08/03/2020,Confirmado,España,04/03/2020
257,258,CIUDAD DE MÉXICO,F,31,03/03/2020,Confirmado,Alemania,09/03/2020
258,259,VERACRUZ,M,31,16/03/2020,Confirmado,España,13/03/2020
259,260,QUERETARO,M,29,16/03/2020,Confirmado,Contacto,
260,261,DURANGO,F,68,18/03/2020,Confirmado,Contacto,
261,262,BAJA CALIFORNIA,F,26,13/03/2020,Confirmado,Estados Unidos,16/03/2020
262,263,SAN LUIS POTOSÍ,F,20,09/03/2020,Confirmado,España,17/03/2020
263,264,CIUDAD DE MÉXICO,F,54,15/03/2020,Confirmado,Contacto,
264,265,JALISCO,M,58,17/03/2020,Confirmado,Estados Unidos,04/03/2020
265,266,BAJA CALIFORNIA,M,35,18/03/2020,Confirmado,Estados Unidos,16/03/2020
266,267,VERACRUZ,F,35,14/03/2020,Confirmado,Estados Unidos,13/03/2020
267,268,JALISCO,M,53,17/03/2020,Confirmado,Contacto,
268,269,VERACRUZ,M,27,17/03/2020,Confirmado,Contacto,16/03/2020
269,270,QUINTANA ROO,M,51,11/03/2020,Confirmado,España,16/03/2020
270,271,TAMAULIPAS,F,33,16/03/2020,Confirmado,Francia,07/03/2020
271,272,SAN LUIS POTOSÍ,M,46,12/03/2020,Confirmado,Estados Unidos,12/03/2020
272,273,CIUDAD DE MÉXICO,M,42,06/03/2020,Confirmado,Contacto,
273,274,CIUDAD DE MÉXICO,F,35,16/03/2020,Confirmado,Estados Unidos,09/03/2020
274,275,JALISCO,M,29,17/03/2020,Confirmado,Singapur,09/03/2020
275,276,TABASCO,F,37,10/03/2020,Confirmado,Estados Unidos,11/03/2020
276,277,CIUDAD DE MÉXICO,M,47,14/03/2020,Confirmado,España,16/03/2020
277,278,CIUDAD DE MÉXICO,M,34,14/03/2020,Confirmado,Francia,12/03/2020
278,279,JALISCO,M,55,09/03/2020,Confirmado,España,12/03/2020
279,280,CIUDAD DE MÉXICO,F,40,18/03/2020,Confirmado,Contacto,
280,281,JALISCO,M,58,17/03/2020,Confirmado,Contacto,
281,282,BAJA CALIFORNIA SUR,M,48,16/03/2020,Confirmado,Estados Unidos,14/03/2020
282,283,COAHUILA,F,41,18/03/2020,Confirmado,España,14/03/2020
283,284,CHIHUAHUA,M,47,18/03/2020,Confirmado,Estados Unidos,13/03/2020
284,285,CIUDAD DE MÉXICO,F,48,13/03/2020,Confirmado,Contacto,
285,286,CIUDAD DE MÉXICO,M,35,08/03/2020,Confirmado,España,08/03/2020
286,287,COAHUILA,M,29,17/03/2020,Confirmado,Estados Unidos,15/03/2020
287,288,CIUDAD DE MÉXICO,M,52,11/03/2020,Confirmado,Contacto,
288,289,CIUDAD DE MÉXICO,M,25,13/03/2020,Confirmado,Contacto,
289,290,MICHOACÁN,M,36,09/03/2020,Confirmado,España,15/03/2020
290,291,SINALOA,M,55,17/03/2020,Confirmado,Contacto,
291,292,BAJA CALIFORNIA,M,27,13/03/2020,Confirmado,Francia,13/03/2020
292,293,CHIHUAHUA,F,19,13/03/2020,Confirmado,España,14/03/2020
293,294,CIUDAD DE MÉXICO,M,37,16/03/2020,Confirmado,España,16/03/2020
294,295,CHIHUAHUA,F,21,16/03/2020,Confirmado,España,14/03/2020
295,296,CIUDAD DE MÉXICO,M,51,17/03/2020,Confirmado,Contacto,08/03/2020
296,297,YUCATÁN,F,40,15/03/2020,Confirmado,Contacto,
297,298,CIUDAD DE MÉXICO,M,36,14/03/2020,Confirmado,Contacto,
298,299,HIDALGO,F,55,12/03/2020,Confirmado,Contacto,
299,300,SAN LUIS POTOSÍ,F,27,17/03/2020,Confirmado,Estados Unidos,18/03/2020
300,301,JALISCO,F,38,15/03/2020,Confirmado,Estados Unidos,16/03/2020
301,302,SAN LUIS POTOSÍ,M,21,19/03/2020,Confirmado,Contacto,18/03/2020
302,303,SAN LUIS POTOSÍ,M,34,18/03/2020,Confirmado,Francia,05/03/2020
303,304,CAMPECHE,M,52,12/03/2020,Confirmado,España,18/03/2020
304,305,HIDALGO,F,26,18/03/2020,Confirmado,Francia,17/03/2020
305,306,TABASCO,F,71,17/03/2020,Confirmado,España,17/03/2020
306,307,YUCATÁN,F,17,10/03/2020,Confirmado,Estados Unidos,08/03/2020
307,308,YUCATÁN,F,19,10/03/2020,Confirmado,Estados Unidos,08/03/2020
308,309,YUCATÁN,M,39,14/03/2020,Confirmado,Estados Unidos,14/03/2020
309,310,SONORA,M,30,18/03/2020,Confirmado,Francia,13/03/2020
310,311,MICHOACÁN,F,57,15/03/2020,Confirmado,Contacto,15/03/2020
311,312,MICHOACÁN,M,57,18/03/2020,Confirmado,Contacto,15/03/2020
312,313,YUCATÁN,M,31,17/03/2020,Confirmado,Contacto,
313,314,BAJA CALIFORNIA,F,49,12/03/2020,Confirmado,Contacto,
314,315,ZACATECAS,M,39,19/03/2020,Confirmado,Contacto,19/03/2020
315,316,COLIMA,F,34,12/03/2020,Confirmado,Estados Unidos,11/03/2020
316,317,MÉXICO,M,44,19/02/2020,Confirmado,Italia,22/02/2020
317,318,MÉXICO,F,52,10/03/2020,Confirmado,España,12/03/2020
318,319,COAHUILA,M,43,16/03/2020,Confirmado,Estados Unidos,13/03/2020
319,320,MÉXICO,M,31,13/03/2020,Confirmado,Estados Unidos,07/03/2020
320,321,GUANAJUATO,M,34,16/03/2020,Confirmado,Estados Unidos,17/03/2020
321,322,GUANAJUATO,F,58,16/03/2020,Confirmado,Francia,17/03/2020
322,323,GUANAJUATO,M,43,18/03/2020,Confirmado,Estados Unidos,18/03/2020
323,324,TAMAULIPAS,F,21,16/03/2020,Confirmado,España,12/03/2020
324,325,JALISCO,M,25,13/03/2020,Confirmado,Estados Unidos,06/03/2020
325,326,JALISCO,M,40,10/03/2020,Confirmado,Estados Unidos,07/03/2020
326,327,JALISCO,F,38,11/03/2020,Confirmado,Estados Unidos,07/03/2020
327,328,JALISCO,M,32,13/03/2020,Confirmado,Estados Unidos,02/03/2020
328,329,JALISCO,M,30,18/03/2020,Confirmado,Estados Unidos,09/03/2020
329,330,COAHUILA,M,42,18/03/2020,Confirmado,Estados Unidos,11/03/2020
330,331,COAHUILA,M,11,18/03/2020,Confirmado,Estados Unidos,11/03/2020
331,332,COAHUILA,M,53,17/03/2020,Confirmado,Estados Unidos,11/03/2020
332,333,COAHUILA,M,42,18/03/2020,Confirmado,Estados Unidos,
333,334,MÉXICO,M,46,18/03/2020,Confirmado,Contacto,
334,335,MÉXICO,M,62,16/03/2020,Confirmado,España,19/03/2020
335,336,JALISCO,M,24,17/03/2020,Confirmado,Estados Unidos,15/03/2020
336,337,YUCATÁN,F,42,18/03/2020,Confirmado,Francia,18/03/2020
337,338,COAHUILA,F,30,13/03/2020,Confirmado,Estados Unidos,18/03/2020
338,339,HIDALGO,F,40,19/03/2020,Confirmado,Contacto,13/03/2020
339,340,NUEVO LEÓN,M,60,14/03/2020,Confirmado,España,13/03/2020
340,341,OAXACA,M,22,16/03/2020,Confirmado,Contacto,
341,342,NUEVO LEÓN,M,57,13/03/2020,Confirmado,Estados Unidos,12/03/2020
342,343,NUEVO LEÓN,M,22,14/03/2020,Confirmado,Estados Unidos,13/03/2020
343,344,COAHUILA,M,76,20/03/2020,Confirmado,España,14/03/2020
344,345,COAHUILA,M,42,20/03/2020,Confirmado,España,14/03/2020
345,346,COAHUILA,F,42,20/03/2020,Confirmado,España,14/03/2020
346,347,HIDALGO,F,19,20/03/2020,Confirmado,Contacto,
347,348,SONORA,M,22,11/03/2020,Confirmado,España,17/03/2020
348,349,BAJA CALIFORNIA SUR,F,33,16/03/2020,Confirmado,Contacto,07/03/2020
349,350,QUERETARO,M,37,16/03/2020,Confirmado,Contacto,
350,351,JALISCO,M,55,13/03/2020,Confirmado,Contacto,
351,352,MÉXICO,M,24,20/03/2020,Confirmado,Italia,14/03/2020
352,353,MÉXICO,F,29,20/03/2020,Confirmado,España,15/03/2020
353,354,MÉXICO,F,29,12/03/2020,Confirmado,Estados Unidos,27/02/2020
354,355,QUERETARO,F,30,21/03/2020,Confirmado,España,15/03/2020
355,356,CIUDAD DE MÉXICO,M,20,14/03/2020,Confirmado,Contacto,
356,357,CAMPECHE,F,59,06/03/2020,Confirmado,España,15/03/2020
357,358,QUINTANA ROO,M,65,18/03/2020,Confirmado,España,15/03/2020
358,359,PUEBLA,M,29,13/03/2020,Confirmado,Contacto,
359,360,PUEBLA,M,33,13/03/2020,Confirmado,Estados Unidos,12/03/2020
360,361,MÉXICO,M,63,12/03/2020,Confirmado,España,04/03/2020
361,362,JALISCO,M,28,16/03/2020,Confirmado,Estados Unidos,06/03/2020
362,363,PUEBLA,F,49,14/03/2020,Confirmado,España,04/03/2020
363,364,BAJA CALIFORNIA,M,30,19/03/2020,Confirmado,Estados Unidos,09/03/2020
364,365,ZACATECAS,M,28,18/03/2020,Confirmado,España,15/03/2020
365,366,MÉXICO,M,51,05/03/2020,Confirmado,Contacto,
366,367,CIUDAD DE MÉXICO,M,38,13/03/2020,Confirmado,Contacto,
367,368,CIUDAD DE MÉXICO,M,37,15/03/2020,Confirmado,Contacto,16/03/2020
368,369,PUEBLA,F,28,15/03/2020,Confirmado,Estados Unidos,17/03/2020
369,370,TABASCO,M,30,13/03/2020,Confirmado,Estados Unidos,11/03/2020
370,371,QUINTANA ROO,M,60,17/03/2020,Confirmado,España,15/03/2020
371,372,QUINTANA ROO,M,46,15/03/2020,Confirmado,Contacto,
372,373,AGUASCALIENTES,M,18,19/03/2020,Confirmado,España,16/03/2020
373,374,QUINTANA ROO,F,12,15/03/2020,Confirmado,Contacto,
374,375,QUINTANA ROO,F,52,17/03/2020,Confirmado,España,15/03/2020
375,376,QUINTANA ROO,M,16,13/03/2020,Confirmado,Contacto,
376,377,JALISCO,F,24,14/03/2020,Confirmado,Contacto,
377,378,JALISCO,M,19,16/03/2020,Confirmado,15/03/2020,Confirmado
378,379,MICHOACÁN,F,48,15/03/2020,Confirmado,Contacto,15/03/2020
379,380,MICHOACÁN,M,58,15/03/2020,Confirmado,Contacto,15/03/2020
380,381,QUINTANA ROO,M,44,14/03/2020,Confirmado,Contacto,
381,382,SAN LUIS POTOSÍ,M,37,19/03/2020,Confirmado,Estados Unidos,17/03/2020
382,383,SAN LUIS POTOSÍ,F,32,18/03/2020,Confirmado,Estados Unidos,17/03/2020
383,384,SAN LUIS POTOSÍ,M,38,18/03/2020,Confirmado,Estados Unidos,17/03/2020
384,385,MICHOACÁN,F,50,15/03/2020,Confirmado,Contacto,15/03/2020
385,386,MICHOACÁN,M,56,15/03/2020,Confirmado,Contacto,15/03/2020
386,387,CIUDAD DE MÉXICO,M,44,11/03/2020,Confirmado,España,15/03/2020
387,388,SAN LUIS POTOSÍ,M,70,15/03/2020,Confirmado,Contacto,
388,389,MÉXICO,M,60,14/03/2020,Confirmado,España,12/03/2020
389,390,GUANAJUATO,F,20,15/03/2020,Confirmado,España,16/03/2020
390,391,GUANAJUATO,F,32,16/03/2020,Confirmado,España,16/03/2020
391,392,PUEBLA,F,39,18/03/2020,Confirmado,Estados Unidos,13/03/2020
392,393,NUEVO LEÓN,F,63,13/03/2020,Confirmado,Francia,14/03/2020
393,394,BAJA CALIFORNIA,M,51,21/03/2020,Confirmado,Contacto,
394,395,GUERRERO,F,36,17/03/2020,Confirmado,Contacto,
395,396,QUINTANA ROO,F,21,18/03/2020,Confirmado,Estados Unidos,18/03/2020
396,397,QUINTANA ROO,F,19,11/03/2020,Confirmado,Estados Unidos,09/03/2020
397,398,QUINTANA ROO,M,48,19/03/2020,Confirmado,Contacto,13/03/2020
398,399,TAMAULIPAS,M,29,20/03/2020,Confirmado,Contacto,
399,400,OAXACA,F,34,20/03/2020,Confirmado,Francia,17/03/2020
400,401,NUEVO LEÓN,F,30,17/03/2020,Confirmado,Contacto,
401,402,NUEVO LEÓN,M,55,18/03/2020,Confirmado,Contacto,
402,403,NUEVO LEÓN,M,32,15/03/2020,Confirmado,Contacto,
403,404,NUEVO LEÓN,M,35,17/03/2020,Confirmado,Estados Unidos,15/03/2020
404,405,NUEVO LEÓN,M,39,14/03/2020,Confirmado,Contacto,13/03/2020
405,406,CIUDAD DE MÉXICO,M,77,16/03/2020,Confirmado,Contacto,
406,407,CIUDAD DE MÉXICO,F,45,20/03/2020,Confirmado,Contacto,
407,408,NUEVO LEÓN,M,37,17/03/2020,Confirmado,España,18/03/2020
408,409,CIUDAD DE MÉXICO,M,52,19/03/2020,Confirmado,Contacto,
409,410,NUEVO LEÓN,M,40,11/03/2020,Confirmado,Estados Unidos,09/03/2020
410,411,NUEVO LEÓN,F,66,19/03/2020,Confirmado,Contacto,
411,412,NUEVO LEÓN,M,20,15/03/2020,Confirmado,Estados Unidos,14/03/2020
412,413,NUEVO LEÓN,M,21,14/03/2020,Confirmado,España,15/03/2020
413,414,NUEVO LEÓN,F,24,17/03/2020,Confirmado,Estados Unidos,16/03/2020
414,415,NUEVO LEÓN,M,42,13/03/2020,Confirmado,Estados Unidos,10/03/2020
415,416,YUCATÁN,M,63,08/03/2020,Confirmado,Contacto,
416,417,NUEVO LEÓN,F,27,20/03/2020,Confirmado,Estados Unidos,18/03/2020
417,418,NUEVO LEÓN,M,28,14/03/2020,Confirmado,Estados Unidos,15/03/2020
418,419,NUEVO LEÓN,M,30,15/03/2020,Confirmado,Estados Unidos,09/03/2020
419,420,PUEBLA,F,76,17/03/2020,Confirmado,Estados Unidos,20/03/2020
420,421,CIUDAD DE MÉXICO,F,61,16/03/2020,Confirmado,Italia,12/03/2020
421,422,NUEVO LEÓN,F,27,09/03/2020,Confirmado,Italia,07/03/2020
422,423,YUCATÁN,M,38,08/03/2020,Confirmado,España,04/03/2020
423,424,GUERRERO,F,74,08/03/2020,Confirmado,España,04/03/2020
424,425,PUEBLA,M,51,13/03/2020,Confirmado,Contacto,
425,426,PUEBLA,F,66,15/03/2020,Confirmado,España,09/03/2020
426,427,PUEBLA,M,28,16/03/2020,Confirmado,Estados Unidos,15/03/2020
427,428,CIUDAD DE MÉXICO,F,47,18/03/2020,Confirmado,Contacto,
428,429,PUEBLA,M,73,16/03/2020,Confirmado,España,15/03/2020
429,430,AGUASCALIENTES,F,40,18/03/2020,Confirmado,Contacto,15/03/2020
430,431,CIUDAD DE MÉXICO,M,76,10/03/2020,Confirmado,Francia,11/03/2020
431,432,GUANAJUATO,F,56,16/03/2020,Confirmado,Francia,17/03/2020
432,433,GUANAJUATO,F,53,16/03/2020,Confirmado,Francia,17/03/2020
433,434,GUANAJUATO,F,48,21/03/2020,Confirmado,Francia,17/03/2020
434,435,AGUASCALIENTES,F,47,12/03/2020,Confirmado,Contacto,08/03/2020
435,436,CIUDAD DE MÉXICO,M,46,17/03/2020,Confirmado,Estados Unidos,02/03/2020
436,437,MICHOACÁN,M,49,15/03/2020,Confirmado,España,15/03/2020
437,438,CIUDAD DE MÉXICO,M,10,13/03/2020,Confirmado,Contacto,
438,439,CIUDAD DE MÉXICO,F,88,20/03/2020,Confirmado,Contacto,
439,440,YUCATÁN,M,28,19/03/2020,Confirmado,Francia,15/03/2020
440,441,YUCATÁN,F,30,19/03/2020,Confirmado,Francia,18/03/2020
441,442,YUCATÁN,F,40,14/03/2020,Confirmado,Contacto,
442,443,CIUDAD DE MÉXICO,F,79,18/03/2020,Confirmado,Contacto,
443,444,AGUASCALIENTES,M,47,18/03/2020,Confirmado,Contacto,
444,445,CIUDAD DE MÉXICO,M,38,10/03/2020,Confirmado,Contacto,
445,446,PUEBLA,F,23,11/03/2020,Confirmado,España,15/03/2020
446,447,CIUDAD DE MÉXICO,M,64,15/03/2020,Confirmado,Francia,11/03/2020
447,448,CIUDAD DE MÉXICO,M,76,21/03/2020,Confirmado,Contacto,21/03/2020
448,449,CHIHUAHUA,F,18,21/03/2020,Confirmado,España,18/03/2020
449,450,NAYARIT,F,66,19/03/2020,Confirmado,Estados Unidos,12/03/2020
450,451,MÉXICO,M,67,13/03/2020,Confirmado,Contacto,
451,452,PUEBLA,F,69,17/03/2020,Confirmado,Contacto,
452,453,MÉXICO,F,62,13/03/2020,Confirmado,Contacto,
453,454,PUEBLA,M,72,16/03/2020,Confirmado,Contacto,
454,455,PUEBLA,F,38,18/03/2020,Confirmado,Estados Unidos,18/03/2020
455,456,OAXACA,F,62,20/03/2020,Confirmado,Contacto,21/03/2020
456,457,OAXACA,M,56,20/03/2020,Confirmado,Contacto,
457,458,OAXACA,F,21,19/03/2020,Confirmado,Contacto,
458,459,GUERRERO,F,82,23/03/2020,Confirmado,España,13/03/2020
459,460,PUEBLA,F,48,19/03/2020,Confirmado,Contacto,
460,461,PUEBLA,M,31,13/03/2020,Confirmado,España,15/03/2020
461,462,PUEBLA,M,26,12/03/2020,Confirmado,Contacto,
462,463,YUCATÁN,M,51,18/03/2020,Confirmado,España,16/03/2020
463,464,YUCATÁN,F,60,10/03/2020,Confirmado,Francia,19/03/2020
464,465,PUEBLA,M,24,20/03/2020,Confirmado,Contacto,
465,466,GUERRERO,M,29,15/03/2020,Confirmado,Contacto,
466,467,GUANAJUATO,F,56,16/03/2020,Confirmado,Francia,17/03/2020
467,468,GUANAJUATO,F,22,17/03/2020,Confirmado,España,16/03/2020
468,469,GUANAJUATO,M,65,20/03/2020,Confirmado,España,14/03/2020
469,470,GUANAJUATO,F,47,16/03/2020,Confirmado,Francia,17/03/2020
470,471,GUANAJUATO,M,29,16/03/2020,Confirmado,España,16/03/2020
471,472,GUANAJUATO,F,41,18/03/2020,Confirmado,España,16/03/2020
472,473,TABASCO,F,57,18/03/2020,Confirmado,España,18/03/2020
473,474,HIDALGO,F,16,20/03/2020,Confirmado,13/03/2020,Confirmado
474,475,HIDALGO,M,17,13/03/2020,Confirmado,Contacto,
475,476,GUANAJUATO,M,24,15/03/2020,Confirmado,Estados Unidos,19/03/2020
476,477,JALISCO,M,36,15/03/2020,Confirmado,Estados Unidos,08/03/2020
477,478,JALISCO,F,25,13/03/2020,Confirmado,Estados Unidos,06/03/2020
478,479,CIUDAD DE MÉXICO,F,60,14/03/2020,Confirmado,Contacto,
479,480,CIUDAD DE MÉXICO,M,28,02/03/2020,Confirmado,Estados Unidos,15/03/2020
480,481,QUINTANA ROO,M,42,21/03/2020,Confirmado,Estados Unidos,19/03/2020
481,482,CIUDAD DE MÉXICO,F,53,10/03/2020,Confirmado,Francia,18/03/2020
482,483,JALISCO,F,50,12/03/2020,Confirmado,España,09/03/2020
483,484,JALISCO,F,38,20/03/2020,Confirmado,Contacto,23/03/2020
484,485,CIUDAD DE MÉXICO,M,47,17/03/2020,Confirmado,España,14/03/2020
485,486,CIUDAD DE MÉXICO,M,20,16/03/2020,Confirmado,Contacto,16/03/2020
486,487,MICHOACÁN,F,49,16/03/2020,Confirmado,España,15/03/2020
487,488,CIUDAD DE MÉXICO,F,29,16/03/2020,Confirmado,Estados Unidos,09/03/2020
488,489,TAMAULIPAS,M,75,22/03/2020,Confirmado,Contacto,
489,490,BAJA CALIFORNIA SUR,M,40,21/03/2020,Confirmado,Contacto,
490,491,BAJA CALIFORNIA SUR,F,31,21/03/2020,Confirmado,Contacto,
491,492,JALISCO,M,49,12/03/2020,Confirmado,Estados Unidos,08/03/2020
492,493,MÉXICO,M,45,16/03/2020,Confirmado,Estados Unidos,03/03/2020
493,494,CHIAPAS,M,45,13/03/2020,Confirmado,Contacto,
494,495,TLAXCALA,F,19,16/03/2020,Confirmado,Estados Unidos,21/03/2020
495,496,CIUDAD DE MÉXICO,F,65,16/03/2020,Confirmado,España,14/03/2020
496,497,CIUDAD DE MÉXICO,F,34,19/03/2020,Confirmado,Contacto,
497,498,MORELOS,F,35,16/03/2020,Confirmado,Estados Unidos,16/03/2020
498,499,AGUASCALIENTES,M,53,23/03/2020,Confirmado,España,23/03/2020
499,500,CIUDAD DE MÉXICO,M,45,13/03/2020,Confirmado,España,19/03/2020
500,501,BAJA CALIFORNIA,F,50,18/03/2020,Confirmado,Contacto,
501,502,JALISCO,F,33,21/03/2020,Confirmado,Contacto,
502,503,JALISCO,F,20,22/03/2020,Confirmado,Contacto,
503,504,BAJA CALIFORNIA SUR,M,46,21/03/2020,Confirmado,Estados Unidos,20/03/2020
504,505,AGUASCALIENTES,F,59,23/03/2020,Confirmado,Contacto,
505,506,HIDALGO,F,24,13/03/2020,Confirmado,Contacto,
506,507,QUINTANA ROO,M,20,13/03/2020,Confirmado,Estados Unidos,21/03/2020
507,508,CIUDAD DE MÉXICO,M,58,12/03/2020,Confirmado,Contacto,
508,509,PUEBLA,F,31,16/03/2020,Confirmado,España,15/03/2020
509,510,JALISCO,M,58,20/03/2020,Confirmado,España,17/03/2020
510,511,MICHOACÁN,F,69,15/03/2020,Confirmado,Contacto,23/03/2020
511,512,AGUASCALIENTES,M,60,20/03/2020,Confirmado,Francia,12/03/2020
512,513,QUINTANA ROO,F,30,21/03/2020,Confirmado,Francia,21/03/2020
513,514,SINALOA,F,47,16/03/2020,Confirmado,España,15/03/2020
514,515,JALISCO,F,20,20/03/2020,Confirmado,Estados Unidos,07/03/2020
515,516,JALISCO,M,72,18/03/2020,Confirmado,Francia,17/03/2020
516,517,YUCATÁN,M,30,18/03/2020,Confirmado,Estados Unidos,14/03/2020
517,518,OAXACA,F,16,23/03/2020,Confirmado,Contacto,23/03/2020
518,519,YUCATÁN,F,42,22/03/2020,Confirmado,Estados Unidos,14/03/2020
519,520,JALISCO,M,54,12/03/2020,Confirmado,Estados Unidos,08/03/2020
520,521,QUERETARO,M,21,22/03/2020,Confirmado,España,13/03/2020
521,522,MÉXICO,M,69,18/03/2020,Confirmado,España,15/03/2020
522,523,JALISCO,M,21,12/03/2020,Confirmado,Estados Unidos,07/03/2020
523,524,HIDALGO,M,71,16/03/2020,Confirmado,Estados Unidos,13/03/2020
524,525,JALISCO,F,49,17/03/2020,Confirmado,Contacto,
525,526,QUINTANA ROO,M,74,15/03/2020,Confirmado,Contacto,
526,527,QUINTANA ROO,M,51,12/03/2020,Confirmado,Estados Unidos,09/03/2020
527,528,JALISCO,F,48,06/03/2020,Confirmado,Estados Unidos,05/02/2020
528,529,JALISCO,F,20,16/03/2020,Confirmado,Contacto,
529,530,QUERETARO,F,46,20/03/2020,Confirmado,Francia,06/03/2020
530,531,JALISCO,M,72,12/03/2020,Confirmado,Estados Unidos,06/03/2020
531,532,MÉXICO,F,26,18/03/2020,Confirmado,España,21/03/2020
532,533,PUEBLA,F,22,22/03/2020,Confirmado,Contacto,
533,534,NUEVO LEÓN,F,30,18/03/2020,Confirmado,España,16/03/2019
534,535,PUEBLA,F,47,16/03/2020,Confirmado,Estados Unidos,15/03/2020
535,536,PUEBLA,M,42,18/03/2020,Confirmado,Contacto,
536,537,JALISCO,M,50,14/03/2020,Confirmado,Contacto,
537,538,SAN LUIS POTOSÍ,F,33,22/03/2020,Confirmado,España,14/03/2020
538,539,PUEBLA,M,48,16/03/2020,Confirmado,Estados Unidos,15/03/2020
539,540,SINALOA,F,30,17/03/2020,Confirmado,Estados Unidos,15/03/2020
540,541,SINALOA,M,72,14/03/2020,Confirmado,Contacto,
541,542,COAHUILA,M,42,19/03/2020,Confirmado,Contacto,
542,543,NUEVO LEÓN,F,26,21/03/2020,Confirmado,Contacto,
543,544,BAJA CALIFORNIA,F,50,15/03/2020,Confirmado,Estados Unidos,13/03/2020
544,545,MORELOS,F,61,23/03/2020,Confirmado,Contacto,
545,546,SONORA,M,44,17/03/2020,Confirmado,España,10/03/2020
546,547,TABASCO,M,46,20/03/2020,Confirmado,Contacto,
547,548,NUEVO LEÓN,M,26,18/03/2020,Confirmado,España,16/03/2020
548,549,NUEVO LEÓN,M,41,09/03/2020,Confirmado,Estados Unidos,09/03/2020
549,550,SONORA,M,24,17/03/2020,Confirmado,Estados Unidos,19/03/2020
550,551,NAYARIT,M,53,21/03/2020,Confirmado,Contacto,24/03/2020
551,552,PUEBLA,M,27,23/03/2020,Confirmado,Contacto,
552,553,PUEBLA,F,35,21/03/2020,Confirmado,Contacto,
553,554,NAYARIT,M,53,24/03/2020,Confirmado,Contacto,24/03/2020
554,555,MICHOACÁN,F,62,15/03/2020,Confirmado,Contacto,15/03/2020
555,556,SONORA,F,50,20/03/2020,Confirmado,España,16/03/2020
556,557,YUCATÁN,M,53,19/03/2020,Confirmado,Contacto,12/03/2020
557,558,QUERETARO,M,38,14/03/2020,Confirmado,Contacto,
558,559,AGUASCALIENTES,F,74,22/03/2020,Confirmado,Contacto,
559,560,YUCATÁN,M,23,17/03/2020,Confirmado,Francia,21/03/2020
560,561,YUCATÁN,M,58,20/03/2020,Confirmado,Contacto,
561,562,YUCATÁN,M,67,22/03/2020,Confirmado,Contacto,21/03/2020
562,563,SINALOA,M,26,20/03/2020,Confirmado,Contacto,
563,564,QUERETARO,M,23,20/03/2020,Confirmado,Estados Unidos,17/03/2020
564,565,QUINTANA ROO,M,75,25/03/2020,Confirmado,Contacto,20/03/2020
565,566,TABASCO,F,28,19/03/2020,Confirmado,Contacto,
566,567,QUINTANA ROO,F,49,20/03/2020,Confirmado,Estados Unidos,20/03/2020
567,568,QUERETARO,F,62,17/03/2020,Confirmado,Contacto,
568,569,SONORA,F,45,15/03/2020,Confirmado,España,16/03/2020
569,570,NAYARIT,F,32,10/03/2020,Confirmado,15/03/2020,Confirmado
570,571,VERACRUZ,F,26,15/03/2020,Confirmado,España,16/03/2020
571,572,NUEVO LEÓN,F,57,19/03/2020,Confirmado,Estados Unidos,08/03/2020
572,573,VERACRUZ,F,33,16/03/2020,Confirmado,Estados Unidos,27/02/2020
573,574,MÉXICO,M,42,15/03/2020,Confirmado,Estados Unidos,11/03/2020
574,575,CIUDAD DE MÉXICO,M,37,17/03/2020,Confirmado,Contacto,
575,576,VERACRUZ,F,40,12/03/2020,Confirmado,España,15/03/2020
576,577,VERACRUZ,M,46,15/03/2020,Confirmado,España,14/03/2020
577,578,VERACRUZ,M,40,12/03/2020,Confirmado,España,15/03/2020
578,579,VERACRUZ,F,39,12/03/2020,Confirmado,Estados Unidos,08/03/2020
579,580,VERACRUZ,M,51,19/03/2020,Confirmado,España,15/03/2020
580,581,NUEVO LEÓN,M,40,05/03/2020,Confirmado,Estados Unidos,10/03/2020
581,582,GUANAJUATO,M,67,16/03/2020,Confirmado,Contacto,16/03/2020
582,583,GUANAJUATO,M,51,20/03/2020,Confirmado,España,15/03/2020
583,584,MÉXICO,F,34,13/03/2020,Confirmado,España,14/03/2020
584,585,GUANAJUATO,F,28,20/03/2020,Confirmado,Contacto,16/03/2020
585,586,ZACATECAS,F,57,12/03/2020,Confirmado,Contacto,29/02/2020
586,587,GUANAJUATO,F,59,20/03/2020,Confirmado,Contacto,
587,588,GUANAJUATO,M,26,15/03/2020,Confirmado,España,14/03/2020
588,589,BAJA CALIFORNIA,M,25,20/03/2020,Confirmado,Contacto,21/03/2020
589,590,JALISCO,F,19,17/03/2020,Confirmado,Francia,11/03/2020
590,591,JALISCO,F,19,16/03/2020,Confirmado,Estados Unidos,15/03/2020
591,592,BAJA CALIFORNIA,F,41,20/03/2020,Confirmado,Estados Unidos,19/03/2020
592,593,BAJA CALIFORNIA SUR,M,44,20/03/2020,Confirmado,Estados Unidos,14/03/2020
593,594,BAJA CALIFORNIA,M,30,16/03/2020,Confirmado,España,18/03/2020
594,595,PUEBLA,M,50,22/03/2020,Confirmado,Contacto,
595,596,BAJA CALIFORNIA,F,64,13/03/2020,Confirmado,Contacto,
596,597,BAJA CALIFORNIA SUR,M,66,22/03/2020,Confirmado,Estados Unidos,15/03/2020
597,598,TLAXCALA,M,38,16/03/2020,Confirmado,Contacto,
598,599,PUEBLA,F,60,16/03/2020,Confirmado,Estados Unidos,11/03/2020
599,600,CIUDAD DE MÉXICO,F,55,15/03/2020,Confirmado,Contacto,
600,601,COAHUILA,F,41,21/03/2020,Confirmado,Contacto,
601,602,TABASCO,F,26,16/03/2020,Confirmado,Contacto,
602,603,OAXACA,F,41,23/03/2020,Confirmado,Contacto,
603,604,MÉXICO,M,60,13/03/2020,Confirmado,Contacto,15/03/2020
604,605,TABASCO,F,53,21/03/2020,Confirmado,Contacto,
605,606,TABASCO,M,31,21/03/2020,Confirmado,Contacto,
606,607,DURANGO,M,25,23/03/2020,Confirmado,Estados Unidos,18/03/2020
607,608,TABASCO,F,23,15/03/2020,Confirmado,Contacto,
608,609,TABASCO,F,29,13/03/2020,Confirmado,Contacto,
609,610,CIUDAD DE MÉXICO,M,49,19/03/2020,Confirmado,Contacto,
610,611,TABASCO,M,67,19/03/2020,Confirmado,Contacto,
611,612,CIUDAD DE MÉXICO,F,49,19/03/2020,Confirmado,Contacto,
612,613,PUEBLA,M,44,18/03/2020,Confirmado,Contacto,
613,614,OAXACA,F,20,22/03/2020,Confirmado,Contacto,19/03/2020
614,615,OAXACA,M,36,21/03/2020,Confirmado,Contacto,
615,616,PUEBLA,M,27,23/03/2020,Confirmado,Estados Unidos,18/03/2020
616,617,TABASCO,F,29,24/03/2020,Confirmado,España,18/03/2020
617,618,MICHOACÁN,F,60,18/03/2020,Confirmado,17/03/2020,Confirmado
618,619,TLAXCALA,M,45,17/03/2020,Confirmado,Contacto,
619,620,MICHOACÁN,F,25,18/03/2020,Confirmado,Contacto,
620,621,CIUDAD DE MÉXICO,M,25,19/03/2020,Confirmado,España,14/03/2020
621,622,NUEVO LEÓN,M,42,19/03/2020,Confirmado,Francia,20/03/2020
622,623,CHIAPAS,F,32,22/03/2020,Confirmado,Estados Unidos,18/03/2020
623,624,CIUDAD DE MÉXICO,M,36,17/03/2020,Confirmado,Contacto,
624,625,SINALOA,M,42,22/03/2020,Confirmado,Contacto,
625,626,DURANGO,M,80,18/03/2020,Confirmado,Contacto,
626,627,TABASCO,M,31,17/03/2020,Confirmado,Contacto,
627,628,TABASCO,F,58,18/03/2020,Confirmado,Contacto,
628,629,TLAXCALA,M,56,22/03/2020,Confirmado,Estados Unidos,21/03/2020
629,630,MÉXICO,F,68,17/03/2020,Confirmado,Contacto,
630,631,MÉXICO,F,49,02/03/2020,Confirmado,Contacto,
631,632,MÉXICO,F,56,19/03/2020,Confirmado,Contacto,
632,633,MÉXICO,F,22,24/03/2020,Confirmado,Contacto,
633,634,MÉXICO,F,22,16/03/2020,Confirmado,Contacto,15/03/2020
634,635,NUEVO LEÓN,M,23,14/03/2020,Confirmado,España,16/03/2020
635,636,MÉXICO,M,36,16/03/2020,Confirmado,España,03/03/2020
636,637,MÉXICO,F,33,12/03/2020,Confirmado,Contacto,
637,638,MÉXICO,M,37,21/03/2020,Confirmado,Contacto,
638,639,HIDALGO,F,49,23/03/2020,Confirmado,Contacto,23/03/2020
639,640,TABASCO,M,51,10/03/2020,Confirmado,Contacto,
640,641,MÉXICO,F,36,16/03/2020,Confirmado,Contacto,
641,642,MÉXICO,F,31,21/03/2020,Confirmado,Contacto,
642,643,TABASCO,F,68,18/03/2020,Confirmado,Contacto,
643,644,CHIAPAS,M,42,21/03/2020,Confirmado,Contacto,18/03/2020
644,645,MÉXICO,F,33,22/03/2020,Confirmado,Contacto,
645,646,SAN LUIS POTOSÍ,M,56,13/03/2020,Confirmado,Contacto,
646,647,MÉXICO,F,33,10/03/2020,Confirmado,Contacto,
647,648,TABASCO,M,26,09/03/2020,Confirmado,Contacto,
648,649,MÉXICO,F,28,21/03/2020,Confirmado,Contacto,
649,650,MÉXICO,F,43,23/03/2020,Confirmado,Contacto,
650,651,MÉXICO,F,46,23/03/2020,Confirmado,Contacto,
651,652,MÉXICO,F,28,16/03/2020,Confirmado,Contacto,
652,653,MÉXICO,M,41,24/03/2020,Confirmado,Contacto,
653,654,MÉXICO,F,44,05/03/2020,Confirmado,Contacto,
654,655,GUANAJUATO,F,52,17/03/2020,Confirmado,Contacto,
655,656,YUCATÁN,F,66,21/03/2020,Confirmado,Contacto,
656,657,MÉXICO,M,37,19/03/2020,Confirmado,Contacto,
657,658,YUCATÁN,M,72,19/03/2020,Confirmado,Contacto,21/03/2020
658,659,YUCATÁN,M,36,19/03/2020,Confirmado,Contacto,
659,660,MÉXICO,F,51,18/03/2020,Confirmado,Contacto,
660,661,MÉXICO,M,40,17/03/2020,Confirmado,Contacto,
661,662,YUCATÁN,F,67,17/03/2020,Confirmado,Contacto,21/03/2020
662,663,CIUDAD DE MÉXICO,M,31,16/03/2020,Confirmado,Contacto,
663,664,JALISCO,M,33,17/03/2020,Confirmado,Contacto,
664,665,JALISCO,M,23,17/03/2020,Confirmado,Estados Unidos,18/03/2020
665,666,VERACRUZ,M,33,12/03/2020,Confirmado,Estados Unidos,19/03/2020
666,667,YUCATÁN,M,46,13/03/2020,Confirmado,Contacto,
667,668,VERACRUZ,M,38,17/03/2020,Confirmado,Contacto,
668,669,VERACRUZ,F,37,18/03/2020,Confirmado,Contacto,
669,670,CIUDAD DE MÉXICO,M,41,16/03/2020,Confirmado,Estados Unidos,15/03/2020
670,671,JALISCO,F,56,16/03/2020,Confirmado,Estados Unidos,09/03/2020
671,672,JALISCO,M,48,12/03/2020,Confirmado,Estados Unidos,09/03/2020
672,673,CIUDAD DE MÉXICO,F,35,20/03/2020,Confirmado,Contacto,
673,674,CIUDAD DE MÉXICO,F,50,01/03/2020,Confirmado,Estados Unidos,08/03/2020
674,675,BAJA CALIFORNIA,M,28,18/03/2020,Confirmado,Estados Unidos,10/03/2020
675,676,VERACRUZ,M,21,20/03/2020,Confirmado,España,19/03/2020
676,677,CIUDAD DE MÉXICO,F,35,15/03/2020,Confirmado,Contacto,
677,678,QUERETARO,F,34,16/03/2020,Confirmado,Contacto,
678,679,QUERETARO,M,58,17/03/2020,Confirmado,Contacto,
679,680,MÉXICO,M,37,19/03/2020,Confirmado,Contacto,
680,681,MÉXICO,M,42,16/03/2020,Confirmado,Contacto,
681,682,CIUDAD DE MÉXICO,M,47,20/03/2020,Confirmado,Contacto,06/03/2020
682,683,CIUDAD DE MÉXICO,F,45,22/03/2020,Confirmado,Contacto,
683,684,AGUASCALIENTES,F,32,23/03/2020,Confirmado,Contacto,
684,685,NUEVO LEÓN,M,64,18/03/2020,Confirmado,Estados Unidos,11/03/2020
685,686,VERACRUZ,F,74,18/03/2020,Confirmado,Contacto,17/03/2020
686,687,JALISCO,F,50,01/03/2020,Confirmado,Estados Unidos,
687,688,JALISCO,F,49,15/03/2020,Confirmado,Contacto,
688,689,MÉXICO,F,36,21/03/2020,Confirmado,Contacto,
689,690,MÉXICO,F,47,20/03/2020,Confirmado,Contacto,
690,691,JALISCO,F,34,16/03/2020,Confirmado,Estados Unidos,07/03/2020
691,692,VERACRUZ,F,46,19/03/2020,Confirmado,Contacto,
692,693,PUEBLA,M,77,21/03/2020,Confirmado,España,19/03/2020
693,694,PUEBLA,M,40,18/03/2020,Confirmado,Contacto,
694,695,JALISCO,F,29,21/03/2020,Confirmado,Contacto,21/03/2020
695,696,GUANAJUATO,F,60,20/03/2020,Confirmado,Estados Unidos,17/03/2020
696,697,JALISCO,F,25,17/03/2020,Confirmado,Estados Unidos,17/03/2020
697,698,GUANAJUATO,M,19,20/03/2020,Confirmado,Estados Unidos,19/03/2020
698,699,GUANAJUATO,F,63,22/03/2020,Confirmado,Contacto,22/03/2020
699,700,GUANAJUATO,F,43,22/03/2020,Confirmado,Estados Unidos,24/03/2020
700,701,MICHOACÁN,M,64,18/03/2020,Confirmado,Contacto,
701,702,MICHOACÁN,M,71,17/03/2020,Confirmado,Contacto,
702,703,VERACRUZ,M,51,18/03/2020,Confirmado,Contacto,
703,704,JALISCO,F,65,12/03/2020,Confirmado,Estados Unidos,17/03/2020
704,705,AGUASCALIENTES,F,43,23/03/2020,Confirmado,Contacto,
705,706,AGUASCALIENTES,F,65,23/03/2020,Confirmado,Contacto,
706,707,SONORA,F,56,19/03/2020,Confirmado,Contacto,
707,708,CIUDAD DE MÉXICO,M,35,20/03/2020,Confirmado,Contacto,
708,709,NUEVO LEÓN,F,23,22/03/2020,Confirmado,España,16/03/2020
709,710,AGUASCALIENTES,M,24,20/03/2020,Confirmado,Contacto,
710,711,GUANAJUATO,M,21,21/03/2020,Confirmado,Contacto,21/03/2020
711,712,JALISCO,M,64,24/03/2020,Confirmado,Contacto,
712,713,JALISCO,F,18,22/03/2020,Confirmado,Estados Unidos,12/03/2020
713,714,JALISCO,F,13,22/03/2020,Confirmado,20/03/2020,Confirmado
714,715,NUEVO LEÓN,M,28,20/03/2020,Confirmado,Contacto,18/03/2020
715,716,MICHOACÁN,F,66,22/03/2020,Confirmado,Contacto,23/03/2020
716,717,AGUASCALIENTES,F,5,25/03/2020,Confirmado,Contacto,25/03/2020
717,718,QUERETARO,F,47,17/03/2020,Confirmado,Francia,17/03/2020
718,719,AGUASCALIENTES,F,37,25/03/2020,Confirmado,Contacto,
719,720,BAJA CALIFORNIA SUR,M,59,22/03/2020,Confirmado,Contacto,
720,721,GUANAJUATO,F,37,20/03/2020,Confirmado,Contacto,
721,722,PUEBLA,F,39,21/03/2020,Confirmado,Contacto,
722,723,PUEBLA,F,22,20/03/2020,Confirmado,Contacto,
723,724,SAN LUIS POTOSÍ,F,47,18/03/2020,Confirmado,Estados Unidos,18/03/2020
724,725,VERACRUZ,M,23,20/03/2020,Confirmado,Contacto,
725,726,CIUDAD DE MÉXICO,M,52,21/03/2020,Confirmado,Contacto,
726,727,CIUDAD DE MÉXICO,M,56,20/03/2020,Confirmado,Estados Unidos,13/03/2020
727,728,VERACRUZ,M,35,21/03/2020,Confirmado,Contacto,17/03/2020
728,729,JALISCO,M,77,20/03/2020,Confirmado,Contacto,
729,730,SINALOA,F,39,22/03/2020,Confirmado,Contacto,
730,731,JALISCO,M,21,21/03/2020,Confirmado,Contacto,
731,732,SINALOA,F,78,23/03/2020,Confirmado,Contacto,
732,733,OAXACA,F,56,24/03/2020,Confirmado,Estados Unidos,17/03/2020
733,734,JALISCO,F,52,18/03/2020,Confirmado,Contacto,
734,735,JALISCO,M,50,21/03/2020,Confirmado,Contacto,
735,736,PUEBLA,F,24,18/03/2020,Confirmado,Contacto,
736,737,PUEBLA,M,47,21/03/2020,Confirmado,Alemania,16/03/2020
737,738,SINALOA,F,53,20/03/2020,Confirmado,Contacto,
738,739,BAJA CALIFORNIA SUR,M,73,24/03/2020,Confirmado,Contacto,26/03/2020
739,740,SONORA,F,25,17/03/2020,Confirmado,Estados Unidos,19/03/2020
740,741,CIUDAD DE MÉXICO,F,44,20/03/2020,Confirmado,Contacto,
741,742,SINALOA,M,43,25/03/2020,Confirmado,Contacto,
742,743,NUEVO LEÓN,M,27,19/03/2020,Confirmado,Contacto,15/03/2020
743,744,QUERETARO,F,66,22/03/2020,Confirmado,Contacto,
744,745,CIUDAD DE MÉXICO,M,40,17/03/2020,Confirmado,Contacto,
745,746,CIUDAD DE MÉXICO,M,64,09/03/2020,Confirmado,Estados Unidos,17/03/2020
746,747,CIUDAD DE MÉXICO,M,37,18/03/2020,Confirmado,Contacto,
747,748,SINALOA,F,81,22/03/2020,Confirmado,Contacto,
748,749,CIUDAD DE MÉXICO,M,65,12/03/2020,Confirmado,España,09/03/2020
749,750,CIUDAD DE MÉXICO,M,58,19/03/2020,Confirmado,España,15/03/2020
750,751,CIUDAD DE MÉXICO,M,76,15/03/2020,Confirmado,Contacto,17/03/2020
751,752,PUEBLA,F,24,23/03/2020,Confirmado,Contacto,
752,753,CIUDAD DE MÉXICO,F,59,09/03/2020,Confirmado,Contacto,
753,754,CIUDAD DE MÉXICO,M,59,09/03/2020,Confirmado,Contacto,
754,755,CIUDAD DE MÉXICO,F,37,09/03/2020,Confirmado,España,13/03/2020
755,756,CIUDAD DE MÉXICO,F,31,07/03/2020,Confirmado,España,10/03/2020
756,757,JALISCO,F,40,22/03/2020,Confirmado,Contacto,
757,758,CIUDAD DE MÉXICO,M,35,08/03/2020,Confirmado,Estados Unidos,07/03/2020
758,759,CIUDAD DE MÉXICO,M,29,13/03/2020,Confirmado,Estados Unidos,06/03/2020
759,760,CIUDAD DE MÉXICO,M,23,16/03/2020,Confirmado,España,16/03/2020
760,761,CIUDAD DE MÉXICO,M,43,14/03/2020,Confirmado,España,05/03/2020
761,762,CIUDAD DE MÉXICO,F,20,14/03/2020,Confirmado,09/03/2020,Confirmado
762,763,CIUDAD DE MÉXICO,F,50,09/03/2020,Confirmado,España,11/03/2020
763,764,CIUDAD DE MÉXICO,F,52,17/03/2020,Confirmado,España,16/03/2020
764,765,CIUDAD DE MÉXICO,M,27,18/03/2020,Confirmado,España,14/03/2020
765,766,CIUDAD DE MÉXICO,M,55,10/03/2020,Confirmado,Estados Unidos,12/03/2020
766,767,CIUDAD DE MÉXICO,M,26,11/03/2020,Confirmado,España,13/03/2020
767,768,CIUDAD DE MÉXICO,F,33,18/03/2020,Confirmado,Contacto,12/03/2020
768,769,BAJA CALIFORNIA,F,28,18/03/2020,Confirmado,España,19/03/2020
769,770,CIUDAD DE MÉXICO,F,33,19/03/2020,Confirmado,Estados Unidos,18/03/2020
770,771,QUINTANA ROO,F,32,20/03/2020,Confirmado,Francia,19/03/2020
771,772,PUEBLA,M,22,14/03/2020,Confirmado,España,20/03/2020
772,773,CIUDAD DE MÉXICO,M,60,18/03/2020,Confirmado,Contacto,13/03/2020
773,774,CIUDAD DE MÉXICO,M,48,20/03/2020,Confirmado,España,13/03/2020
774,775,CIUDAD DE MÉXICO,M,33,13/03/2020,Confirmado,España,12/03/2020
775,776,CIUDAD DE MÉXICO,F,31,18/03/2020,Confirmado,España,18/03/2020
776,777,CIUDAD DE MÉXICO,F,36,18/03/2020,Confirmado,España,18/03/2020
777,778,PUEBLA,F,45,21/03/2020,Confirmado,Estados Unidos,18/03/2020
778,779,CIUDAD DE MÉXICO,F,30,17/03/2020,Confirmado,España,18/03/2020
779,780,CIUDAD DE MÉXICO,M,34,17/03/2020,Confirmado,España,09/03/2020
780,781,QUINTANA ROO,M,44,20/03/2020,Confirmado,Contacto,
781,782,QUINTANA ROO,F,53,17/03/2020,Confirmado,Francia,15/03/2020
782,783,QUINTANA ROO,M,35,02/03/2020,Confirmado,Italia,15/03/2020
783,784,CIUDAD DE MÉXICO,M,38,13/03/2020,Confirmado,España,08/03/2020
784,785,QUINTANA ROO,M,56,17/03/2020,Confirmado,Contacto,
785,786,CIUDAD DE MÉXICO,M,26,20/03/2020,Confirmado,Contacto,18/03/2020
786,787,CIUDAD DE MÉXICO,M,29,16/03/2020,Confirmado,Contacto,21/03/2020
787,788,CIUDAD DE MÉXICO,M,26,22/03/2020,Confirmado,Contacto,
788,789,CIUDAD DE MÉXICO,M,72,19/03/2020,Confirmado,Contacto,
789,790,CIUDAD DE MÉXICO,M,39,14/03/2020,Confirmado,Contacto,
790,791,CIUDAD DE MÉXICO,F,47,21/03/2020,Confirmado,Contacto,
791,792,YUCATÁN,F,37,19/02/2020,Confirmado,Contacto,21/01/2020
792,793,CIUDAD DE MÉXICO,M,51,22/03/2020,Confirmado,España,19/03/2020
793,794,CIUDAD DE MÉXICO,M,45,25/03/2020,Confirmado,Contacto,
794,795,MÉXICO,M,43,14/03/2020,Confirmado,Contacto,
795,796,MÉXICO,M,56,23/03/2020,Confirmado,España,23/03/2020
796,797,CIUDAD DE MÉXICO,M,60,21/03/2020,Confirmado,Contacto,
797,798,MÉXICO,M,36,25/03/2020,Confirmado,Contacto,
798,799,CIUDAD DE MÉXICO,F,30,17/03/2020,Confirmado,Contacto,
799,800,MÉXICO,M,58,19/03/2020,Confirmado,Contacto,
800,801,MÉXICO,M,71,25/03/2020,Confirmado,Contacto,
801,802,MÉXICO,F,2,17/03/2020,Confirmado,Contacto,
802,803,MÉXICO,M,35,24/03/2020,Confirmado,Estados Unidos,08/03/2020
803,804,CIUDAD DE MÉXICO,M,49,22/03/2020,Confirmado,Contacto,
804,805,MÉXICO,F,57,24/03/2020,Confirmado,Contacto,18/03/2020
805,806,MÉXICO,F,33,21/03/2020,Confirmado,Estados Unidos,12/03/2020
806,807,CIUDAD DE MÉXICO,F,30,12/03/2020,Confirmado,Contacto,
807,808,HIDALGO,M,29,23/03/2020,Confirmado,España,23/03/2020
808,809,GUANAJUATO,M,29,16/03/2020,Confirmado,Contacto,
809,810,CIUDAD DE MÉXICO,M,33,19/03/2020,Confirmado,Francia,17/03/2020
810,811,HIDALGO,M,41,18/03/2020,Confirmado,Estados Unidos,16/03/2020
811,812,CIUDAD DE MÉXICO,M,41,17/03/2020,Confirmado,Contacto,17/03/2020
812,813,MÉXICO,F,34,25/03/2020,Confirmado,Contacto,
813,814,MÉXICO,M,52,24/03/2020,Confirmado,Contacto,18/03/2020
814,815,CIUDAD DE MÉXICO,M,24,15/03/2020,Confirmado,Francia,11/03/2020
815,816,CIUDAD DE MÉXICO,F,31,19/03/2020,Confirmado,Francia,04/03/2020
816,817,COAHUILA,F,61,21/03/2020,Confirmado,Contacto,
817,818,CIUDAD DE MÉXICO,M,40,19/03/2020,Confirmado,Contacto,
818,819,CIUDAD DE MÉXICO,M,36,15/03/2020,Confirmado,Contacto,
819,820,CIUDAD DE MÉXICO,F,54,15/03/2020,Confirmado,España,18/03/2020
820,821,MÉXICO,M,58,24/03/2020,Confirmado,Contacto,
821,822,MÉXICO,M,21,20/03/2020,Confirmado,Contacto,
822,823,BAJA CALIFORNIA,M,43,18/03/2020,Confirmado,Contacto,
823,824,HIDALGO,M,61,16/03/2020,Confirmado,España,16/03/2020
824,825,TABASCO,F,60,24/03/2020,Confirmado,Contacto,
825,826,MÉXICO,F,46,25/03/2020,Confirmado,Contacto,
826,827,MÉXICO,F,70,26/03/2020,Confirmado,Contacto,
827,828,HIDALGO,M,46,21/03/2020,Confirmado,Contacto,
828,829,CIUDAD DE MÉXICO,M,34,14/03/2020,Confirmado,Estados Unidos,13/03/2020
829,830,GUERRERO,M,36,21/03/2020,Confirmado,Contacto,
830,831,MÉXICO,F,3,23/03/2020,Confirmado,Estados Unidos,16/03/2020
831,832,GUERRERO,M,53,20/03/2020,Confirmado,Estados Unidos,11/03/2020
832,833,CIUDAD DE MÉXICO,M,53,15/03/2020,Confirmado,Contacto,
833,834,GUANAJUATO,M,54,19/03/2020,Confirmado,Contacto,
834,835,CIUDAD DE MÉXICO,M,48,20/03/2020,Confirmado,Contacto,
835,836,GUANAJUATO,M,33,21/03/2020,Confirmado,Italia,16/03/2020
836,837,AGUASCALIENTES,M,40,23/03/2020,Confirmado,Contacto,
837,838,GUANAJUATO,M,30,25/03/2020,Confirmado,Contacto,
838,839,CAMPECHE,M,18,18/03/2020,Confirmado,Estados Unidos,25/02/2020
839,840,GUERRERO,M,63,20/03/2020,Confirmado,Contacto,
840,841,TABASCO,F,49,19/03/2020,Confirmado,Contacto,
841,842,SAN LUIS POTOSÍ,F,24,21/03/2020,Confirmado,Contacto,
842,843,TABASCO,M,36,20/03/2020,Confirmado,Contacto,
843,844,TABASCO,F,65,20/03/2020,Confirmado,Contacto,
844,845,PUEBLA,F,23,20/03/2020,Confirmado,Contacto,
845,846,TAMAULIPAS,M,50,21/03/2020,Confirmado,Estados Unidos,16/03/2020
846,847,MÉXICO,M,18,07/03/2020,Confirmado,Contacto,
847,848,MICHOACÁN,F,63,22/03/2020,Confirmado,Contacto,
848,849,GUANAJUATO,M,30,22/03/2020,Confirmado,España,22/03/2020
849,850,COAHUILA,F,41,22/03/2020,Confirmado,Contacto,
850,851,GUANAJUATO,F,35,14/03/2020,Confirmado,Contacto,
851,852,PUEBLA,M,55,26/03/2020,Confirmado,Contacto,
852,853,YUCATÁN,F,59,17/03/2020,Confirmado,Contacto,24/03/2020
853,854,YUCATÁN,F,31,17/03/2020,Confirmado,Contacto,
854,855,CIUDAD DE MÉXICO,F,28,16/03/2020,Confirmado,Contacto,
855,856,MÉXICO,F,54,14/03/2020,Confirmado,Contacto,09/03/2020
856,857,CIUDAD DE MÉXICO,M,40,16/03/2020,Confirmado,Contacto,29/02/2020
857,858,CIUDAD DE MÉXICO,F,43,23/03/2020,Confirmado,24/03/2020,Confirmado
858,859,CIUDAD DE MÉXICO,F,33,24/03/2020,Confirmado,Contacto,
859,860,CIUDAD DE MÉXICO,M,29,18/03/2020,Confirmado,Contacto,
860,861,PUEBLA,M,26,22/03/2020,Confirmado,Contacto,
861,862,CIUDAD DE MÉXICO,M,65,19/03/2020,Confirmado,España,09/03/2020
862,863,CIUDAD DE MÉXICO,M,40,19/03/2020,Confirmado,Contacto,
863,864,CIUDAD DE MÉXICO,M,43,20/03/2020,Confirmado,Contacto,
864,865,CIUDAD DE MÉXICO,F,53,23/03/2020,Confirmado,Contacto,
865,866,CIUDAD DE MÉXICO,F,35,25/03/2020,Confirmado,Contacto,
866,867,CIUDAD DE MÉXICO,F,60,20/03/2020,Confirmado,Estados Unidos,20/03/2020
867,868,CIUDAD DE MÉXICO,M,36,24/03/2020,Confirmado,Contacto,
868,869,CIUDAD DE MÉXICO,M,41,23/03/2020,Confirmado,Contacto,
869,870,MÉXICO,F,41,18/03/2020,Confirmado,Contacto,
870,871,CIUDAD DE MÉXICO,M,49,26/03/2020,Confirmado,Contacto,
871,872,PUEBLA,M,67,20/03/2020,Confirmado,Contacto,
872,873,SAN LUIS POTOSÍ,F,33,27/03/2020,Confirmado,Contacto,23/03/2020
873,874,TABASCO,F,42,23/03/2020,Confirmado,Contacto,
874,875,TABASCO,F,57,19/03/2020,Confirmado,Contacto,
875,876,CIUDAD DE MÉXICO,M,65,12/03/2020,Confirmado,Contacto,14/03/2020
876,877,SINALOA,F,44,26/03/2020,Confirmado,Contacto,
877,878,SONORA,F,30,16/03/2020,Confirmado,Estados Unidos,26/03/2020
878,879,GUERRERO,F,43,21/03/2020,Confirmado,Contacto,
879,880,PUEBLA,F,51,24/03/2020,Confirmado,Estados Unidos,21/03/2020
880,881,SINALOA,M,32,23/03/2020,Confirmado,Contacto,
881,882,MÉXICO,M,35,18/03/2020,Confirmado,Contacto,
882,883,MÉXICO,M,39,23/03/2020,Confirmado,Contacto,
883,884,MÉXICO,F,51,19/03/2020,Confirmado,Contacto,
884,885,COAHUILA,M,24,20/03/2020,Confirmado,Contacto,
885,886,MÉXICO,M,25,16/03/2020,Confirmado,Contacto,16/03/2020
886,887,TABASCO,M,27,20/03/2020,Confirmado,Contacto,
887,888,NUEVO LEÓN,F,26,17/03/2020,Confirmado,Contacto,
888,889,SINALOA,F,75,23/03/2020,Confirmado,Contacto,
889,890,SAN LUIS POTOSÍ,M,43,22/03/2020,Confirmado,Contacto,
890,891,SONORA,F,27,24/03/2020,Confirmado,Contacto,
891,892,SINALOA,M,85,22/03/2020,Confirmado,Contacto,
892,893,COAHUILA,M,53,21/03/2020,Confirmado,Contacto,
893,894,SINALOA,M,43,22/03/2020,Confirmado,Contacto,
894,895,MÉXICO,F,42,22/03/2020,Confirmado,Contacto,14/03/2020
895,896,NUEVO LEÓN,M,56,23/03/2020,Confirmado,Estados Unidos,15/03/2020
896,897,QUERETARO,F,67,20/03/2020,Confirmado,Contacto,23/03/2020
897,898,VERACRUZ,M,53,20/03/2020,Confirmado,Contacto,
898,899,MÉXICO,M,29,24/03/2020,Confirmado,Contacto,16/03/2020
899,900,COAHUILA,M,42,25/03/2020,Confirmado,Contacto,
900,901,COAHUILA,M,42,24/03/2020,Confirmado,Contacto,
901,902,MORELOS,M,44,23/03/2020,Confirmado,Contacto,
902,903,MÉXICO,M,43,24/03/2020,Confirmado,Contacto,10/03/2020
903,904,COAHUILA,F,28,19/03/2020,Confirmado,Contacto,
904,905,MÉXICO,F,73,26/03/2020,Confirmado,Contacto,
905,906,PUEBLA,M,45,21/03/2020,Confirmado,24/03/2020,Confirmado
906,907,CHIAPAS,M,22,24/03/2020,Confirmado,España,19/03/2020
907,908,MÉXICO,M,46,20/03/2020,Confirmado,Contacto,
908,909,SONORA,F,21,16/03/2020,Confirmado,España,19/03/2020
909,910,SAN LUIS POTOSÍ,F,26,25/03/2020,Confirmado,Contacto,
910,911,MÉXICO,M,56,23/03/2020,Confirmado,Contacto,
911,912,CHIAPAS,F,38,20/03/2020,Confirmado,Contacto,
912,913,SONORA,F,82,26/03/2020,Confirmado,Contacto,
913,914,TABASCO,M,58,26/03/2020,Confirmado,Contacto,
914,915,SAN LUIS POTOSÍ,M,21,24/03/2020,Confirmado,España,14/03/2020
915,916,COAHUILA,M,41,20/03/2020,Confirmado,Contacto,
916,917,COAHUILA,M,39,21/03/2020,Confirmado,Contacto,
917,918,CHIAPAS,M,81,25/03/2020,Confirmado,España,13/03/2020
918,919,COAHUILA,F,34,20/03/2020,Confirmado,Contacto,
919,920,QUINTANA ROO,F,26,22/03/2020,Confirmado,Contacto,18/03/2020
920,921,COAHUILA,F,26,24/03/2020,Confirmado,Contacto,
921,922,CIUDAD DE MÉXICO,M,42,11/03/2020,Confirmado,Estados Unidos,10/03/2020
922,923,QUINTANA ROO,M,38,22/03/2020,Confirmado,Contacto,18/03/2020
923,924,COAHUILA,F,44,22/03/2020,Confirmado,Contacto,
924,925,CIUDAD DE MÉXICO,M,33,12/03/2020,Confirmado,Estados Unidos,06/03/2020
925,926,COAHUILA,M,30,26/03/2020,Confirmado,Contacto,
926,927,COAHUILA,M,30,26/03/2020,Confirmado,Contacto,
927,928,COAHUILA,F,44,23/03/2020,Confirmado,Contacto,
928,929,GUERRERO,M,52,21/03/2020,Confirmado,Contacto,
929,930,COAHUILA,M,39,24/03/2020,Confirmado,Contacto,
930,931,QUINTANA ROO,M,35,23/03/2020,Confirmado,Contacto,
931,932,CHIAPAS,F,45,22/03/2020,Confirmado,Contacto,
932,933,CIUDAD DE MÉXICO,M,41,12/03/2020,Confirmado,España,13/03/2020
933,934,CIUDAD DE MÉXICO,F,43,15/03/2020,Confirmado,Contacto,
934,935,CIUDAD DE MÉXICO,M,27,14/03/2020,Confirmado,Estados Unidos,15/03/2020
935,936,MÉXICO,M,35,26/03/2020,Confirmado,Estados Unidos,15/03/2020
936,937,CIUDAD DE MÉXICO,M,43,11/03/2020,Confirmado,Estados Unidos,08/03/2020
937,938,MÉXICO,F,61,26/03/2020,Confirmado,Estados Unidos,15/03/2020
938,939,QUINTANA ROO,F,52,24/03/2020,Confirmado,Contacto,12/03/2020
939,940,JALISCO,F,32,24/03/2020,Confirmado,Contacto,
940,941,MÉXICO,M,46,22/03/2020,Confirmado,Contacto,
941,942,MÉXICO,F,69,26/03/2020,Confirmado,Contacto,
942,943,HIDALGO,M,57,24/03/2020,Confirmado,Contacto,
943,944,YUCATÁN,F,78,22/03/2020,Confirmado,Contacto,21/03/2020
944,945,NUEVO LEÓN,M,54,20/03/2020,Confirmado,Contacto,
945,946,PUEBLA,M,63,21/03/2020,Confirmado,Contacto,
946,947,PUEBLA,F,67,22/03/2020,Confirmado,Francia,22/02/2020
947,948,PUEBLA,F,69,22/03/2020,Confirmado,Contacto,
948,949,COAHUILA,F,48,23/03/2020,Confirmado,Contacto,
949,950,CIUDAD DE MÉXICO,M,34,11/03/2020,Confirmado,Contacto,
950,951,CIUDAD DE MÉXICO,F,52,18/03/2020,Confirmado,Contacto,
951,952,CIUDAD DE MÉXICO,M,32,18/03/2020,Confirmado,Contacto,
952,953,CIUDAD DE MÉXICO,M,31,14/03/2020,Confirmado,España,13/03/2020
953,954,MÉXICO,M,50,14/03/2020,Confirmado,15/03/2020,Confirmado
954,955,MÉXICO,M,27,15/03/2020,Confirmado,Contacto,25/02/2020
955,956,MÉXICO,M,40,14/03/2020,Confirmado,Estados Unidos,26/02/2020
956,957,MÉXICO,M,24,16/03/2020,Confirmado,Estados Unidos,12/03/2020
957,958,MÉXICO,F,21,17/03/2020,Confirmado,España,16/03/2020
958,959,MÉXICO,M,61,20/03/2020,Confirmado,Estados Unidos,21/03/2020
959,960,MÉXICO,M,40,09/03/2020,Confirmado,Contacto,
960,961,CIUDAD DE MÉXICO,M,43,16/03/2020,Confirmado,España,08/03/2020
961,962,MÉXICO,M,25,22/03/2020,Confirmado,España,20/03/2020
962,963,MÉXICO,F,44,21/03/2020,Confirmado,Contacto,
963,964,ZACATECAS,F,52,13/03/2020,Confirmado,Contacto,
964,965,BAJA CALIFORNIA,M,50,19/03/2020,Confirmado,Contacto,
965,966,AGUASCALIENTES,F,58,25/03/2020,Confirmado,España,23/03/2020
966,967,AGUASCALIENTES,F,41,17/03/2020,Confirmado,Contacto,16/03/2020
967,968,AGUASCALIENTES,F,24,19/03/2020,Confirmado,España,23/03/2020
968,969,AGUASCALIENTES,F,37,18/03/2020,Confirmado,España,17/03/2020
969,970,PUEBLA,M,42,22/03/2020,Confirmado,Contacto,
970,971,MORELOS,F,57,20/03/2020,Confirmado,Contacto,22/03/2020
971,972,PUEBLA,M,24,16/03/2020,Confirmado,Contacto,
972,973,CIUDAD DE MÉXICO,F,67,21/03/2020,Confirmado,Contacto,
973,974,MÉXICO,M,21,18/03/2020,Confirmado,Contacto,
974,975,CIUDAD DE MÉXICO,M,31,17/03/2020,Confirmado,Contacto,
975,976,BAJA CALIFORNIA,M,56,23/03/2020,Confirmado,Contacto,24/03/2020
976,977,PUEBLA,M,46,20/03/2020,Confirmado,Contacto,
977,978,VERACRUZ,M,43,20/03/2020,Confirmado,Contacto,
978,979,TABASCO,M,23,19/03/2020,Confirmado,Contacto,
979,980,CIUDAD DE MÉXICO,M,33,21/03/2020,Confirmado,Contacto,
980,981,CIUDAD DE MÉXICO,F,68,10/03/2020,Confirmado,Contacto,
981,982,COAHUILA,F,25,19/03/2020,Confirmado,Contacto,
982,983,CIUDAD DE MÉXICO,M,60,21/03/2020,Confirmado,Contacto,
983,984,TABASCO,M,50,25/03/2020,Confirmado,Contacto,
984,985,SINALOA,F,40,25/03/2020,Confirmado,Contacto,
985,986,TABASCO,F,59,19/03/2020,Confirmado,Contacto,
986,987,BAJA CALIFORNIA,M,18,20/03/2020,Confirmado,Contacto,27/03/2020
987,988,BAJA CALIFORNIA,F,50,20/03/2020,Confirmado,Contacto,20/03/2020
988,989,BAJA CALIFORNIA SUR,M,40,26/03/2020,Confirmado,Contacto,
989,990,TABASCO,M,59,25/03/2020,Confirmado,Contacto,
990,991,MÉXICO,M,49,18/03/2020,Confirmado,Contacto,
991,992,MÉXICO,M,56,25/03/2020,Confirmado,Contacto,
992,993,MÉXICO,M,40,27/03/2020,Confirmado,Contacto,
993,994,YUCATÁN,F,30,18/03/2020,Confirmado,Estados Unidos,17/03/2020
994,995,YUCATÁN,M,34,16/03/2020,Confirmado,Contacto,
995,996,YUCATÁN,F,72,21/03/2020,Confirmado,Contacto,
996,997,MÉXICO,F,33,26/03/2020,Confirmado,Contacto,
997,998,MÉXICO,F,59,25/03/2020,Confirmado,Contacto,
998,999,MÉXICO,F,31,20/03/2020,Confirmado,Contacto,
999,1000,ZACATECAS,F,39,21/03/2020,Confirmado,Estados Unidos,27/03/2020
1000,1001,OAXACA,F,52,27/03/2020,Confirmado,Contacto,21/03/2020
1001,1002,OAXACA,M,44,26/03/2020,Confirmado,Estados Unidos,15/03/2020
1002,1003,CIUDAD DE MÉXICO,M,69,15/03/2020,Confirmado,Alemania,14/03/2020
1003,1004,BAJA CALIFORNIA SUR,M,50,21/03/2020,Confirmado,España,16/03/2020
1004,1005,COAHUILA,M,45,21/03/2020,Confirmado,Contacto,
1005,1006,SINALOA,F,54,14/03/2020,Confirmado,Contacto,
1006,1007,COAHUILA,M,47,16/03/2020,Confirmado,Contacto,
1007,1008,JALISCO,F,53,09/03/2020,Confirmado,España,12/03/2020
1008,1009,CIUDAD DE MÉXICO,F,73,16/03/2020,Confirmado,Italia,15/03/2020
1009,1010,CIUDAD DE MÉXICO,M,26,18/03/2020,Confirmado,España,15/03/2020
1010,1011,VERACRUZ,F,22,20/03/2020,Confirmado,España,11/03/2020
1011,1012,CIUDAD DE MÉXICO,F,38,14/03/2020,Confirmado,Italia,15/03/2020
1012,1013,MÉXICO,M,22,15/03/2020,Confirmado,Contacto,
1013,1014,QUINTANA ROO,F,26,20/03/2020,Confirmado,Contacto,
1014,1015,AGUASCALIENTES,M,38,18/03/2020,Confirmado,España,17/03/2020
1015,1016,AGUASCALIENTES,M,23,25/03/2020,Confirmado,Estados Unidos,23/03/2020
1016,1017,AGUASCALIENTES,F,60,12/03/2020,Confirmado,España,
1017,1018,BAJA CALIFORNIA,F,32,19/03/2020,Confirmado,Contacto,
1018,1019,AGUASCALIENTES,M,43,22/03/2020,Confirmado,Contacto,
1019,1020,AGUASCALIENTES,M,75,26/03/2020,Confirmado,Contacto,
1020,1021,AGUASCALIENTES,M,27,16/03/2020,Confirmado,Contacto,
1021,1022,SONORA,M,59,17/03/2020,Confirmado,Contacto,
1022,1023,MICHOACÁN,F,62,20/03/2020,Confirmado,Contacto,23/03/2020
1023,1024,CIUDAD DE MÉXICO,F,64,23/03/2020,Confirmado,Contacto,
1024,1025,MÉXICO,M,51,23/03/2020,Confirmado,Contacto,
1025,1026,BAJA CALIFORNIA SUR,F,35,16/03/2020,Confirmado,Contacto,
1026,1027,VERACRUZ,M,48,20/03/2020,Confirmado,Contacto,
1027,1028,JALISCO,M,25,23/03/2020,Confirmado,Contacto,23/03/2020
1028,1029,AGUASCALIENTES,F,30,23/03/2020,Confirmado,Contacto,
1029,1030,COAHUILA,M,54,23/03/2020,Confirmado,Contacto,
1030,1031,PUEBLA,M,22,23/03/2020,Confirmado,Contacto,
1031,1032,PUEBLA,F,38,22/03/2020,Confirmado,Estados Unidos,25/03/2020
1032,1033,TAMAULIPAS,M,70,24/03/2020,Confirmado,Estados Unidos,24/03/2020
1033,1034,SINALOA,F,69,19/03/2020,Confirmado,Contacto,
1034,1035,JALISCO,M,46,18/03/2020,Confirmado,Contacto,
1035,1036,GUANAJUATO,F,72,25/03/2020,Confirmado,Contacto,
1036,1037,MICHOACÁN,F,28,22/03/2020,Confirmado,Contacto,
1037,1038,CHIAPAS,F,28,22/03/2020,Confirmado,Contacto,16/03/2020
1038,1039,GUERRERO,M,70,20/03/2020,Confirmado,Estados Unidos,20/03/2020
1039,1040,MICHOACÁN,M,30,22/03/2020,Confirmado,Contacto,
1040,1041,JALISCO,M,16,22/03/2020,Confirmado,Contacto,
1041,1042,BAJA CALIFORNIA,M,54,24/03/2020,Confirmado,Contacto,27/03/2020
1042,1043,BAJA CALIFORNIA,M,51,18/03/2020,Confirmado,Contacto,27/03/2020
1043,1044,COAHUILA,F,45,21/03/2020,Confirmado,Contacto,
1044,1045,MÉXICO,F,32,15/03/2020,Confirmado,Contacto,
1045,1046,MÉXICO,F,41,19/03/2020,Confirmado,Contacto,
1046,1047,QUERETARO,M,60,26/03/2020,Confirmado,Contacto,
1047,1048,QUINTANA ROO,M,29,21/03/2020,Confirmado,Contacto,
1048,1049,GUANAJUATO,M,24,22/03/2020,Confirmado,Estados Unidos,27/03/2020
1049,1050,QUINTANA ROO,F,30,18/03/2020,Confirmado,Contacto,
1050,1051,GUANAJUATO,F,25,26/03/2020,Confirmado,Estados Unidos,27/03/2020
1051,1052,GUANAJUATO,M,15,26/03/2020,Confirmado,Contacto,
1052,1053,MÉXICO,M,48,20/03/2020,Confirmado,Contacto,19/03/2020
1053,1054,MÉXICO,F,28,22/03/2020,Confirmado,Contacto,
1054,1055,TABASCO,F,6,27/03/2020,Confirmado,Contacto,
1055,1056,SAN LUIS POTOSÍ,M,55,24/03/2020,Confirmado,Contacto,
1056,1057,TABASCO,F,29,25/03/2020,Confirmado,Contacto,
1057,1058,MÉXICO,M,42,24/03/2020,Confirmado,Contacto,17/03/2020
1058,1059,NUEVO LEÓN,M,63,22/03/2020,Confirmado,Contacto,21/03/2020
1059,1060,TABASCO,F,61,18/03/2020,Confirmado,Contacto,
1060,1061,TABASCO,M,59,21/03/2020,Confirmado,Contacto,
1061,1062,NUEVO LEÓN,M,29,23/03/2020,Confirmado,Contacto,
1062,1063,COAHUILA,F,76,24/03/2020,Confirmado,Estados Unidos,22/03/2020
1063,1064,NUEVO LEÓN,M,21,13/03/2020,Confirmado,España,18/03/2020
1064,1065,SONORA,F,47,22/03/2020,Confirmado,Contacto,
1065,1066,MICHOACÁN,M,44,25/03/2020,Confirmado,Contacto,
1066,1067,MÉXICO,F,57,23/03/2020,Confirmado,Estados Unidos,17/03/2020
1067,1068,SONORA,F,57,17/03/2020,Confirmado,Contacto,
1068,1069,BAJA CALIFORNIA,F,59,19/03/2020,Confirmado,Contacto,12/03/2020
1069,1070,MÉXICO,F,31,27/03/2020,Confirmado,Contacto,
1070,1071,SINALOA,M,62,21/03/2020,Confirmado,Estados Unidos,
1071,1072,MÉXICO,M,36,26/03/2020,Confirmado,Contacto,
1072,1073,GUANAJUATO,M,52,21/03/2020,Confirmado,España,15/03/2020
1073,1074,PUEBLA,M,24,28/03/2020,Confirmado,Contacto,
1074,1075,PUEBLA,F,49,28/03/2020,Confirmado,Contacto,
1075,1076,PUEBLA,F,72,23/03/2020,Confirmado,Contacto,
1076,1077,PUEBLA,F,30,28/03/2020,Confirmado,Contacto,
1077,1078,PUEBLA,F,24,28/03/2020,Confirmado,Contacto,
1078,1079,TABASCO,M,43,24/03/2020,Confirmado,Contacto,
1079,1080,GUANAJUATO,M,46,22/03/2020,Confirmado,Contacto,
1080,1081,YUCATÁN,M,37,19/03/2020,Confirmado,Contacto,
1081,1082,SINALOA,M,60,25/03/2020,Confirmado,Contacto,
1082,1083,PUEBLA,F,29,25/03/2020,Confirmado,Contacto,
1083,1084,PUEBLA,M,32,27/03/2020,Confirmado,Contacto,
1084,1085,YUCATÁN,M,38,20/03/2020,Confirmado,Contacto,
1085,1086,JALISCO,M,25,17/03/2020,Confirmado,Contacto,
1086,1087,MÉXICO,M,34,19/03/2020,Confirmado,Contacto,
1087,1088,TABASCO,M,68,25/03/2020,Confirmado,España,22/03/2020
1088,1089,MÉXICO,F,54,27/03/2020,Confirmado,Contacto,
1089,1090,TABASCO,F,49,28/03/2020,Confirmado,Contacto,
1090,1091,TABASCO,F,67,28/03/2020,Confirmado,España,22/03/2020
1091,1092,BAJA CALIFORNIA SUR,M,33,25/03/2020,Confirmado,Contacto,
1092,1093,NAYARIT,M,71,23/03/2020,Confirmado,Contacto,16/03/2020
1093,1094,TABASCO,F,20,18/03/2020,Confirmado,Contacto,
1094,1095,PUEBLA,F,43,24/03/2020,Confirmado,Contacto,22/03/2020
1095,1096,PUEBLA,F,75,23/03/2020,Confirmado,Contacto,
1096,1097,TABASCO,M,46,16/03/2020,Confirmado,Contacto,
1097,1098,TABASCO,F,50,23/03/2020,Confirmado,Contacto,
1098,1099,MÉXICO,F,30,20/03/2020,Confirmado,Estados Unidos,23/03/2020
1099,1100,NUEVO LEÓN,F,22,19/03/2020,Confirmado,España,18/03/2020
1100,1101,NUEVO LEÓN,F,21,20/03/2020,Confirmado,España,16/03/2020
1101,1102,NUEVO LEÓN,M,34,18/03/2020,Confirmado,Contacto,16/03/2020
1102,1103,NUEVO LEÓN,M,35,25/03/2020,Confirmado,Contacto,
1103,1104,BAJA CALIFORNIA,M,54,18/03/2020,Confirmado,Estados Unidos,08/03/2020
1104,1105,CIUDAD DE MÉXICO,M,59,20/03/2020,Confirmado,Contacto,
1105,1106,QUINTANA ROO,M,18,21/03/2020,Confirmado,Contacto,
1106,1107,CIUDAD DE MÉXICO,M,26,20/03/2020,Confirmado,Contacto,29/03/2020
1107,1108,CIUDAD DE MÉXICO,M,49,22/03/2020,Confirmado,Contacto,
1108,1109,QUINTANA ROO,M,52,25/03/2020,Confirmado,Contacto,
1109,1110,CIUDAD DE MÉXICO,M,34,26/03/2020,Confirmado,Contacto,
1110,1111,NUEVO LEÓN,M,30,20/03/2020,Confirmado,Contacto,16/03/2020
1111,1112,MÉXICO,M,41,25/03/2020,Confirmado,Contacto,
1112,1113,JALISCO,M,35,23/03/2020,Confirmado,Contacto,
1113,1114,TABASCO,M,26,23/03/2020,Confirmado,Contacto,
1114,1115,MÉXICO,M,39,27/03/2020,Confirmado,Contacto,
1115,1116,TABASCO,M,47,21/03/2020,Confirmado,Contacto,22/03/2020
1116,1117,MÉXICO,F,57,23/03/2020,Confirmado,Estados Unidos,04/03/2020
1117,1118,MÉXICO,M,57,22/03/2020,Confirmado,Contacto,
1118,1119,COAHUILA,M,17,29/03/2020,Confirmado,Contacto,
1119,1120,COAHUILA,M,48,29/03/2020,Confirmado,Contacto,
1120,1121,TABASCO,F,70,29/03/2020,Confirmado,Contacto,
1121,1122,CIUDAD DE MÉXICO,F,77,13/03/2020,Confirmado,España,08/03/2020
1122,1123,CIUDAD DE MÉXICO,F,43,16/03/2020,Confirmado,España,16/03/2020
1123,1124,NUEVO LEÓN,F,58,21/03/2020,Confirmado,Contacto,
1124,1125,CIUDAD DE MÉXICO,M,47,14/03/2020,Confirmado,Contacto,
1125,1126,JALISCO,M,37,20/03/2020,Confirmado,Contacto,
1126,1127,BAJA CALIFORNIA,F,50,26/03/2020,Confirmado,Contacto,
1127,1128,PUEBLA,M,30,26/03/2020,Confirmado,Contacto,
1128,1129,CIUDAD DE MÉXICO,F,65,09/03/2020,Confirmado,España,13/03/2019
1129,1130,CIUDAD DE MÉXICO,M,47,13/03/2020,Confirmado,Estados Unidos,29/02/2020
1130,1131,CIUDAD DE MÉXICO,F,51,23/03/2020,Confirmado,Contacto,
1131,1132,CIUDAD DE MÉXICO,M,47,14/03/2020,Confirmado,Estados Unidos,04/03/2020
1132,1133,CIUDAD DE MÉXICO,M,51,14/03/2020,Confirmado,Contacto,
1133,1134,CIUDAD DE MÉXICO,M,48,15/03/2020,Confirmado,Estados Unidos,07/03/2020
1134,1135,MÉXICO,M,36,23/03/2020,Confirmado,Estados Unidos,13/03/2020
1135,1136,CIUDAD DE MÉXICO,M,71,19/03/2020,Confirmado,Estados Unidos,19/03/2020
1136,1137,CIUDAD DE MÉXICO,M,59,17/03/2020,Confirmado,España,02/03/2020
1137,1138,CIUDAD DE MÉXICO,F,33,16/03/2020,Confirmado,Contacto,
1138,1139,MÉXICO,M,27,30/03/2020,Confirmado,Contacto,
1139,1140,MÉXICO,M,44,17/03/2020,Confirmado,Estados Unidos,19/03/2020
1140,1141,MÉXICO,F,72,23/03/2020,Confirmado,Contacto,12/03/2020
1141,1142,BAJA CALIFORNIA SUR,F,26,23/03/2020,Confirmado,Contacto,
1142,1143,CIUDAD DE MÉXICO,M,35,17/03/2020,Confirmado,Contacto,
1143,1144,MÉXICO,M,69,27/03/2020,Confirmado,Contacto,
1144,1145,CIUDAD DE MÉXICO,F,33,19/03/2020,Confirmado,Contacto,
1145,1146,CIUDAD DE MÉXICO,M,56,11/03/2020,Confirmado,España,06/03/2020
1146,1147,CIUDAD DE MÉXICO,M,44,16/03/2020,Confirmado,Estados Unidos,14/03/2020
1147,1148,PUEBLA,F,42,28/03/2020,Confirmado,Contacto,
1148,1149,CIUDAD DE MÉXICO,F,76,15/03/2020,Confirmado,Contacto,18/03/2020
1149,1150,PUEBLA,F,41,25/03/2020,Confirmado,Contacto,
1150,1151,CIUDAD DE MÉXICO,M,41,17/02/2020,Confirmado,Contacto,17/02/2020
1151,1152,CIUDAD DE MÉXICO,M,32,18/03/2020,Confirmado,Estados Unidos,17/02/2020
1152,1153,CIUDAD DE MÉXICO,M,55,17/03/2020,Confirmado,España,12/03/2020
1153,1154,CIUDAD DE MÉXICO,F,32,17/03/2020,Confirmado,Contacto,
1154,1155,CIUDAD DE MÉXICO,M,45,13/03/2020,Confirmado,España,19/03/2020
1155,1156,PUEBLA,M,48,20/03/2020,Confirmado,Contacto,
1156,1157,CIUDAD DE MÉXICO,F,43,10/03/2020,Confirmado,Contacto,
1157,1158,AGUASCALIENTES,M,79,26/03/2020,Confirmado,Contacto,
1158,1159,AGUASCALIENTES,M,8,27/03/2020,Confirmado,Contacto,
1159,1160,AGUASCALIENTES,M,15,27/03/2020,Confirmado,Contacto,
1160,1161,AGUASCALIENTES,M,43,23/03/2020,Confirmado,Contacto,
1161,1162,JALISCO,M,24,27/03/2020,Confirmado,Estados Unidos,15/03/2020
1162,1163,AGUASCALIENTES,M,31,22/03/2020,Confirmado,Contacto,19/03/2020
1163,1164,HIDALGO,M,70,20/03/2020,Confirmado,Contacto,
1164,1165,CIUDAD DE MÉXICO,M,40,19/03/2020,Confirmado,Contacto,
1165,1166,MÉXICO,M,74,17/03/2020,Confirmado,Contacto,
1166,1167,GUANAJUATO,M,16,24/03/2020,Confirmado,Contacto,
1167,1168,CAMPECHE,M,40,20/03/2020,Confirmado,Contacto,
1168,1169,CAMPECHE,F,60,23/02/2020,Confirmado,Contacto,
1169,1170,MÉXICO,F,44,20/03/2020,Confirmado,Contacto,02/03/2020
1170,1171,CIUDAD DE MÉXICO,F,52,25/03/2020,Confirmado,Contacto,
1171,1172,MÉXICO,M,41,23/03/2020,Confirmado,Contacto,13/03/2020
1172,1173,GUERRERO,M,44,18/03/2020,Confirmado,Contacto,
1173,1174,MÉXICO,F,30,26/03/2020,Confirmado,Contacto,
1174,1175,MÉXICO,M,24,23/03/2020,Confirmado,Contacto,
1175,1176,QUINTANA ROO,M,42,24/03/2020,Confirmado,Contacto,
1176,1177,SINALOA,F,25,20/03/2020,Confirmado,Contacto,
1177,1178,BAJA CALIFORNIA SUR,M,39,22/03/2020,Confirmado,Contacto,
1178,1179,QUINTANA ROO,M,47,18/03/2020,Confirmado,Contacto,
1179,1180,MÉXICO,F,32,21/03/2020,Confirmado,Contacto,
1180,1181,YUCATÁN,M,65,20/03/2020,Confirmado,Contacto,
1181,1182,YUCATÁN,M,32,19/03/2020,Confirmado,Contacto,
1182,1183,QUINTANA ROO,M,49,27/03/2020,Confirmado,Contacto,
1183,1184,HIDALGO,M,56,27/03/2020,Confirmado,Contacto,
1184,1185,CIUDAD DE MÉXICO,F,48,20/03/2020,Confirmado,Contacto,
1185,1186,QUINTANA ROO,M,49,24/03/2020,Confirmado,Contacto,
1186,1187,COAHUILA,F,0,28/03/2020,Confirmado,Contacto,
1187,1188,BAJA CALIFORNIA,F,68,17/03/2020,Confirmado,Estados Unidos,22/03/2020
1188,1189,COAHUILA,M,43,27/03/2020,Confirmado,Contacto,
1189,1190,MORELOS,M,37,19/03/2020,Confirmado,Estados Unidos,16/03/2020
1190,1191,COAHUILA,M,57,27/03/2020,Confirmado,Contacto,
1191,1192,COAHUILA,M,43,28/03/2020,Confirmado,Contacto,
1192,1193,COAHUILA,F,43,27/03/2020,Confirmado,Contacto,
1193,1194,BAJA CALIFORNIA,F,49,24/03/2020,Confirmado,Estados Unidos,17/03/2020
1194,1195,SINALOA,M,64,27/03/2020,Confirmado,Contacto,
1195,1196,CHIAPAS,M,64,23/03/2020,Confirmado,Contacto,
1196,1197,SINALOA,F,40,21/03/2020,Confirmado,Contacto,
1197,1198,TABASCO,M,47,22/03/2020,Confirmado,Contacto,
1198,1199,CHIHUAHUA,F,55,20/03/2020,Confirmado,Contacto,
1199,1200,YUCATÁN,F,42,23/03/2020,Confirmado,Contacto,
1200,1201,QUERETARO,M,46,26/03/2020,Confirmado,Contacto,
1201,1202,MÉXICO,M,17,26/03/2020,Confirmado,Contacto,
1202,1203,PUEBLA,M,42,28/03/2020,Confirmado,Contacto,
1203,1204,BAJA CALIFORNIA,M,70,26/03/2020,Confirmado,Contacto,
1204,1205,QUERETARO,M,45,23/03/2020,Confirmado,Contacto,
1205,1206,CIUDAD DE MÉXICO,M,56,26/03/2020,Confirmado,Contacto,
1206,1207,PUEBLA,M,52,27/03/2020,Confirmado,Contacto,
1207,1208,BAJA CALIFORNIA SUR,F,44,22/03/2020,Confirmado,Contacto,
1208,1209,GUANAJUATO,F,46,24/03/2020,Confirmado,España,
1209,1210,PUEBLA,F,64,27/03/2020,Confirmado,Contacto,
1210,1211,BAJA CALIFORNIA SUR,F,29,23/03/2020,Confirmado,Contacto,
1211,1212,GUANAJUATO,F,18,26/03/2020,Confirmado,Contacto,
1212,1213,CIUDAD DE MÉXICO,M,49,14/03/2020,Confirmado,Estados Unidos,09/03/2020
1213,1214,JALISCO,F,38,18/03/2020,Confirmado,Estados Unidos,14/03/2020
1214,1215,JALISCO,M,39,21/03/2020,Confirmado,Francia,16/03/2020
1215,1216,SINALOA,M,63,28/03/2020,Confirmado,Contacto,
1216,1217,COAHUILA,M,50,29/03/2020,Confirmado,Contacto,
1217,1218,COAHUILA,M,39,25/03/2020,Confirmado,Contacto,
1218,1219,HIDALGO,M,38,23/03/2020,Confirmado,Contacto,
1219,1220,SINALOA,F,89,26/03/2020,Confirmado,Contacto,
1220,1221,CIUDAD DE MÉXICO,M,69,25/03/2020,Confirmado,Contacto,
1221,1222,COAHUILA,F,33,29/03/2020,Confirmado,Contacto,
1222,1223,COAHUILA,F,56,24/03/2020,Confirmado,Contacto,
1223,1224,SINALOA,M,47,23/03/2020,Confirmado,Contacto,
1224,1225,TABASCO,F,26,26/03/2020,Confirmado,Contacto,
1225,1226,CHIHUAHUA,M,45,26/03/2020,Confirmado,Contacto,
1226,1227,CIUDAD DE MÉXICO,M,75,28/03/2020,Confirmado,Contacto,
1227,1228,OAXACA,F,32,28/03/2020,Confirmado,Contacto,
1228,1229,CHIAPAS,M,44,08/03/2020,Confirmado,Contacto,
1229,1230,PUEBLA,M,71,29/03/2020,Confirmado,Contacto,
1230,1231,TABASCO,M,25,23/03/2020,Confirmado,Contacto,
1231,1232,QUINTANA ROO,M,54,23/03/2020,Confirmado,Contacto,
1232,1233,COAHUILA,M,47,21/03/2020,Confirmado,Contacto,
1233,1234,COAHUILA,M,26,26/03/2020,Confirmado,Contacto,
1234,1235,YUCATÁN,F,65,12/03/2020,Confirmado,Contacto,
1235,1236,YUCATÁN,F,26,21/03/2020,Confirmado,Contacto,
1236,1237,QUINTANA ROO,M,44,23/03/2020,Confirmado,Contacto,
1237,1238,YUCATÁN,M,65,27/03/2020,Confirmado,Contacto,
1238,1239,OAXACA,M,54,24/03/2020,Confirmado,Contacto,
1239,1240,CIUDAD DE MÉXICO,M,71,21/03/2020,Confirmado,Contacto,
1240,1241,PUEBLA,F,49,23/03/2020,Confirmado,Contacto,31/03/2020
1241,1242,CIUDAD DE MÉXICO,F,30,27/03/2020,Confirmado,Contacto,
1242,1243,CIUDAD DE MÉXICO,M,11,24/03/2020,Confirmado,Contacto,
1243,1244,CIUDAD DE MÉXICO,F,13,24/03/2020,Confirmado,Contacto,
1244,1245,CIUDAD DE MÉXICO,F,52,19/03/2020,Confirmado,Contacto,
1245,1246,CIUDAD DE MÉXICO,M,59,22/03/2020,Confirmado,Contacto,
1246,1247,CIUDAD DE MÉXICO,M,59,26/03/2020,Confirmado,Contacto,
1247,1248,CIUDAD DE MÉXICO,M,49,24/03/2020,Confirmado,Contacto,
1248,1249,MÉXICO,M,66,21/03/2020,Confirmado,Contacto,
1249,1250,CIUDAD DE MÉXICO,M,54,25/03/2020,Confirmado,Contacto,
1250,1251,PUEBLA,F,21,23/03/2020,Confirmado,Contacto,
1251,1252,CHIHUAHUA,M,26,19/03/2020,Confirmado,Contacto,
1252,1253,PUEBLA,F,57,24/03/2020,Confirmado,Contacto,
1253,1254,PUEBLA,M,45,21/03/2020,Confirmado,Estados Unidos,18/03/2020
1254,1255,OAXACA,F,34,12/03/2020,Confirmado,Contacto,
1255,1256,CIUDAD DE MÉXICO,F,61,18/03/2020,Confirmado,Alemania,18/03/2020
1256,1257,MICHOACÁN,M,49,25/03/2020,Confirmado,Contacto,22/03/2020
1257,1258,CIUDAD DE MÉXICO,M,57,26/03/2020,Confirmado,Contacto,
1258,1259,NAYARIT,F,47,27/03/2020,Confirmado,Contacto,23/03/2020
1259,1260,CHIHUAHUA,F,57,24/03/2020,Confirmado,Contacto,
1260,1261,PUEBLA,M,67,30/03/2020,Confirmado,Contacto,13/03/2020
1261,1262,CIUDAD DE MÉXICO,M,86,15/03/2020,Confirmado,Contacto,
1262,1263,CIUDAD DE MÉXICO,M,50,13/03/2020,Confirmado,España,13/03/2020
1263,1264,CIUDAD DE MÉXICO,F,29,12/03/2020,Confirmado,Estados Unidos,14/03/2020
1264,1265,PUEBLA,M,40,20/03/2020,Confirmado,Contacto,
1265,1266,CIUDAD DE MÉXICO,F,34,14/03/2020,Confirmado,Estados Unidos,07/03/2020
1266,1267,PUEBLA,M,68,22/03/2020,Confirmado,Contacto,
1267,1268,CIUDAD DE MÉXICO,M,47,27/03/2020,Confirmado,Contacto,
1268,1269,PUEBLA,M,49,27/03/2020,Confirmado,Contacto,
1269,1270,TABASCO,M,13,30/03/2020,Confirmado,Contacto,
1270,1271,PUEBLA,F,59,24/03/2020,Confirmado,Contacto,
1271,1272,QUINTANA ROO,M,44,26/03/2020,Confirmado,Contacto,
1272,1273,CIUDAD DE MÉXICO,M,33,24/03/2020,Confirmado,Contacto,
1273,1274,CIUDAD DE MÉXICO,F,56,16/03/2020,Confirmado,Contacto,
1274,1275,CIUDAD DE MÉXICO,F,39,13/03/2020,Confirmado,Contacto,07/03/2020
1275,1276,CIUDAD DE MÉXICO,M,38,13/03/2020,Confirmado,España,07/03/2020
1276,1277,CIUDAD DE MÉXICO,M,30,13/03/2020,Confirmado,Contacto,06/03/2020
1277,1278,CIUDAD DE MÉXICO,M,67,15/03/2020,Confirmado,Estados Unidos,14/03/2020
1278,1279,CIUDAD DE MÉXICO,F,25,16/03/2020,Confirmado,Contacto,16/03/2020
1279,1280,OAXACA,F,22,31/03/2020,Confirmado,Contacto,26/03/2020
1280,1281,JALISCO,F,45,24/03/2020,Confirmado,Contacto,
1281,1282,JALISCO,F,76,27/03/2020,Confirmado,Contacto,
1282,1283,CIUDAD DE MÉXICO,M,80,20/03/2020,Confirmado,Contacto,
1283,1284,MÉXICO,F,47,15/03/2020,Confirmado,Estados Unidos,16/03/2020
1284,1285,CIUDAD DE MÉXICO,F,42,09/03/2020,Confirmado,Contacto,
1285,1286,MÉXICO,F,50,18/03/2020,Confirmado,Contacto,
1286,1287,MÉXICO,F,33,19/03/2020,Confirmado,Contacto,
1287,1288,MORELOS,M,68,20/03/2020,Confirmado,Contacto,
1288,1289,OAXACA,F,61,23/03/2020,Confirmado,Contacto,
1289,1290,MORELOS,M,72,20/03/2020,Confirmado,Contacto,16/03/2020
1290,1291,PUEBLA,M,39,17/03/2020,Confirmado,Contacto,
1291,1292,BAJA CALIFORNIA,M,53,23/03/2020,Confirmado,Contacto,
1292,1293,TLAXCALA,M,29,24/03/2020,Confirmado,Contacto,
1293,1294,CIUDAD DE MÉXICO,M,45,14/03/2020,Confirmado,Contacto,
1294,1295,MÉXICO,F,54,23/03/2020,Confirmado,Contacto,
1295,1296,MÉXICO,M,34,23/03/2020,Confirmado,Contacto,
1296,1297,MÉXICO,F,53,26/03/2020,Confirmado,Contacto,
1297,1298,MÉXICO,M,42,25/03/2020,Confirmado,Contacto,
1298,1299,MÉXICO,F,31,27/03/2020,Confirmado,Contacto,
1299,1300,GUANAJUATO,M,66,14/03/2020,Confirmado,Contacto,
1300,1301,MÉXICO,M,29,22/03/2020,Confirmado,Contacto,
1301,1302,COAHUILA,M,34,28/03/2020,Confirmado,Contacto,
1302,1303,HIDALGO,M,47,24/03/2020,Confirmado,Contacto,
1303,1304,SAN LUIS POTOSÍ,M,7,25/03/2020,Confirmado,Contacto,
1304,1305,SONORA,F,65,22/03/2020,Confirmado,Estados Unidos,16/03/2020
1305,1306,SAN LUIS POTOSÍ,F,8,24/03/2020,Confirmado,Contacto,
1306,1307,SAN LUIS POTOSÍ,F,58,24/03/2020,Confirmado,Contacto,
1307,1308,GUERRERO,M,59,19/03/2020,Confirmado,Contacto,
1308,1309,GUERRERO,M,62,18/03/2020,Confirmado,Contacto,
1309,1310,JALISCO,M,32,25/03/2020,Confirmado,Contacto,
1310,1311,COAHUILA,M,58,26/03/2020,Confirmado,Contacto,
1311,1312,TAMAULIPAS,M,52,20/03/2020,Confirmado,Estados Unidos,28/03/2020
1312,1313,MICHOACÁN,M,62,27/03/2020,Confirmado,Estados Unidos,24/03/2020
1313,1314,QUINTANA ROO,M,45,19/03/2020,Confirmado,Contacto,
1314,1315,MÉXICO,F,58,24/03/2020,Confirmado,Contacto,
1315,1316,CIUDAD DE MÉXICO,F,74,15/03/2020,Confirmado,Contacto,
1316,1317,CIUDAD DE MÉXICO,F,26,24/03/2020,Confirmado,Contacto,
1317,1318,CIUDAD DE MÉXICO,M,36,19/03/2020,Confirmado,Contacto,
1318,1319,CIUDAD DE MÉXICO,M,36,22/03/2020,Confirmado,España,20/03/2020
1319,1320,TABASCO,F,27,19/03/2020,Confirmado,Francia,25/03/2020
1320,1321,CIUDAD DE MÉXICO,M,50,14/03/2020,Confirmado,Contacto,
1321,1322,CIUDAD DE MÉXICO,F,39,24/03/2020,Confirmado,Contacto,
1322,1323,OAXACA,F,35,27/03/2020,Confirmado,Contacto,
1323,1324,CIUDAD DE MÉXICO,M,40,24/03/2020,Confirmado,Contacto,
1324,1325,JALISCO,M,58,23/03/2020,Confirmado,Contacto,23/03/2020
1325,1326,CIUDAD DE MÉXICO,M,28,15/03/2020,Confirmado,Contacto,
1326,1327,CIUDAD DE MÉXICO,F,64,24/03/2020,Confirmado,Contacto,
1327,1328,CIUDAD DE MÉXICO,F,50,27/03/2020,Confirmado,Contacto,
1328,1329,CIUDAD DE MÉXICO,M,46,17/03/2020,Confirmado,Contacto,
1329,1330,CIUDAD DE MÉXICO,M,41,27/03/2020,Confirmado,Contacto,
1330,1331,CIUDAD DE MÉXICO,F,27,26/03/2020,Confirmado,Contacto,
1331,1332,CIUDAD DE MÉXICO,M,33,18/03/2020,Confirmado,Contacto,
1332,1333,CIUDAD DE MÉXICO,F,29,25/03/2020,Confirmado,Contacto,
1333,1334,CIUDAD DE MÉXICO,M,30,19/03/2020,Confirmado,Contacto,
1334,1335,COAHUILA,F,34,27/03/2020,Confirmado,Contacto,
1335,1336,CIUDAD DE MÉXICO,F,26,25/03/2020,Confirmado,Contacto,
1336,1337,CIUDAD DE MÉXICO,M,44,20/03/2020,Confirmado,Contacto,
1337,1338,GUANAJUATO,M,21,26/03/2020,Confirmado,España,28/03/2020
1338,1339,COLIMA,M,66,25/03/2020,Confirmado,Contacto,
1339,1340,CIUDAD DE MÉXICO,M,27,19/03/2020,Confirmado,Contacto,
1340,1341,CIUDAD DE MÉXICO,M,41,16/03/2020,Confirmado,Contacto,
1341,1342,CIUDAD DE MÉXICO,M,32,23/03/2020,Confirmado,Contacto,
1342,1343,CIUDAD DE MÉXICO,F,40,23/03/2020,Confirmado,Contacto,
1343,1344,COAHUILA,M,58,28/03/2020,Confirmado,Contacto,
1344,1345,CIUDAD DE MÉXICO,F,33,25/03/2020,Confirmado,Contacto,
1345,1346,SAN LUIS POTOSÍ,F,37,28/03/2020,Confirmado,Estados Unidos,27/03/2020
1346,1347,SINALOA,F,62,24/03/2020,Confirmado,Contacto,
1347,1348,PUEBLA,F,29,23/03/2020,Confirmado,Contacto,
1348,1349,VERACRUZ,M,36,27/03/2020,Confirmado,Contacto,27/03/2020
1349,1350,CIUDAD DE MÉXICO,F,22,27/03/2020,Confirmado,Contacto,
1350,1351,BAJA CALIFORNIA SUR,F,79,23/03/2020,Confirmado,Contacto,30/03/2020
1351,1352,CIUDAD DE MÉXICO,F,55,25/03/2020,Confirmado,Contacto,
1352,1353,CIUDAD DE MÉXICO,F,38,17/03/2020,Confirmado,Contacto,
1353,1354,CIUDAD DE MÉXICO,M,33,21/03/2020,Confirmado,Contacto,
1354,1355,CIUDAD DE MÉXICO,F,55,26/03/2020,Confirmado,Contacto,
1355,1356,CHIAPAS,M,71,25/03/2020,Confirmado,Contacto,23/03/2020
1356,1357,BAJA CALIFORNIA,M,66,28/03/2020,Confirmado,Estados Unidos,22/03/2020
1357,1358,CIUDAD DE MÉXICO,F,42,14/03/2020,Confirmado,Contacto,
1358,1359,SAN LUIS POTOSÍ,F,37,25/03/2020,Confirmado,Estados Unidos,22/03/2020
1359,1360,COAHUILA,F,43,26/03/2020,Confirmado,Contacto,
1360,1361,MICHOACÁN,M,45,25/03/2020,Confirmado,Contacto,16/03/2020
1361,1362,CHIHUAHUA,M,35,24/03/2020,Confirmado,Contacto,
1362,1363,OAXACA,M,22,28/03/2020,Confirmado,Contacto,
1363,1364,COAHUILA,F,10,28/03/2020,Confirmado,Contacto,
1364,1365,NUEVO LEÓN,M,35,29/03/2020,Confirmado,Contacto,
1365,1366,JALISCO,M,35,21/03/2020,Confirmado,Contacto,19/03/2020
1366,1367,OAXACA,M,43,29/03/2020,Confirmado,Contacto,
1367,1368,COAHUILA,M,11,24/03/2020,Confirmado,Contacto,
1368,1369,SINALOA,F,50,27/03/2020,Confirmado,Contacto,
1369,1370,JALISCO,F,44,25/03/2020,Confirmado,Estados Unidos,15/03/2020
1370,1371,CIUDAD DE MÉXICO,F,65,19/03/2020,Confirmado,España,17/03/2020
1371,1372,GUANAJUATO,M,37,27/03/2020,Confirmado,Contacto,
1372,1373,CIUDAD DE MÉXICO,M,29,26/03/2020,Confirmado,Contacto,
1373,1374,CIUDAD DE MÉXICO,F,54,25/03/2020,Confirmado,Contacto,
1374,1375,NAYARIT,F,79,24/03/2020,Confirmado,Contacto,
1375,1376,NUEVO LEÓN,F,46,28/03/2020,Confirmado,Contacto,
1376,1377,PUEBLA,M,49,23/03/2020,Confirmado,Contacto,
1377,1378,SAN LUIS POTOSÍ,F,41,27/03/2020,Confirmado,Estados Unidos,17/03/2020
